Actual Time;Measured Time
1.00007104;1
1.9991177;2
2.999626967;3
3.999812899;4
4.999076187;5
5.999408584;6
6.99976817;7
8.000120739;8
8.999385781;9
9.999332574;10
10.99917295;11
11.99923493;12
12.99937146;13
13.99935479;14
14.99930977;15
15.99930217;16
16.99926066;17
17.99948898;18
18.9994463;19
19.99969801;20
21.00018593;21
22.00041367;22
22.99964042;23
24.00011022;24
25.00033941;25
25.99943928;26
26.99991522;27
28.00027042;28
29.00049553;29
29.99971759;30
31.0001795;31
32.00054815;32
33.00077062;33
34.00000146;34
35.00036894;35
36.00069081;36
36.99999942;37
38.00013886;38
39.00050167;39
40.00097176;40
40.99999152;41
42.00043121;42
43.00076741;43
43.99987137;44
45.00022306;45
46.00056335;46
47.00104368;47
48.00002631;48
49.00051014;49
50.00100421;50
51.00108724;51
52.00043472;52
53.00066012;53
54.00100742;54
55.00010115;55
56.00058908;56
57.00092323;57
58.0013103;58
59.00027013;59
60.00074022;60
61.00112875;61
62.00017629;62
63.00066275;63
64.00103432;64
65.00135824;65
66.00046103;66
67.00082295;67
68.00141934;68
69.00153511;69
70.00157516;70
71.00148804;71
72.00156873;72
73.00167368;73
74.00166871;74
75.00162135;75
76.00160673;76
77.00158539;77
78.00169298;78
79.00164561;79
80.00078203;80
81.00110273;81
82.00145764;82
83.0006762;83
84.00104397;84
85.00138455;85
86.00186049;86
87.00084663;87
88.00119511;88
89.00167134;89
90.00189996;90
91.00100392;91
92.00148746;92
93.0018564;93
94.00093638;94
95.00141671;95
96.00164035;96
97.00198649;97
98.00108256;98
99.00142665;99
100.0019011;100
101.0022455;101
102.0014772;102
103.001721;103
104.0020645;104
105.0011533;105
106.0017216;106
107.0019915;107
108.0022987;108
109.0017286;109
110.0019283;110
111.0022745;111
112.0014097;112
113.0017348;113
114.0021935;114
115.0024089;115
116.0015328;116
117.0018824;117
118.0022183;118
119.0027498;119
120.0018108;120
121.0020403;121
122.0024431;122
123.0016167;123
124.0019613;124
125.0022958;125
126.0026641;126
127.0019891;127
128.0021227;128
129.0024548;129
130.0025697;130
131.0025475;131
132.0025267;132
133.0027633;133
134.00271;134
135.0025542;135
136.0026621;136
137.0026352;137
138.0026115;138
139.0027083;139
140.0030652;140
141.0021984;141
142.0025475;142
143.0028793;143
144.001964;144
145.0024487;145
146.0028059;146
147.0031579;147
148.0021841;148
149.0027402;149
150.0030898;150
151.0022253;151
152.0025282;152
153.0028802;153
154.0032667;154
155.0024806;155
156.002915;156
157.0031839;157
158.0022879;158
159.0024943;159
160.0030053;160
161.0033582;161
162.002558;162
163.0027647;163
164.0032371;164
165.0036339;165
166.0027109;166
167.0030445;167
168.003395;168
169.0025107;169
170.0029813;170
171.0033447;171
172.0038908;172
173.0027931;173
174.0031418;174
175.0036137;175
176.0025943;176
177.0031418;177
178.0034345;178
179.0037759;179
180.0028565;180
181.0032804;181
182.0035771;182
183.0040543;183
184.0030193;184
185.0034178;185
186.0038517;186
187.0029521;187
188.0033067;188
189.0037938;189
190.0036827;190
191.0038426;191
192.0037061;192
193.0036719;193
194.0036511;194
195.00364;195
196.0036166;196
197.0038376;197
198.0038175;198
199.0037754;199
200.004151;200
201.0033807;201
202.0035745;202
203.0041639;203
204.0042843;204
205.0035169;205
206.0040002;206
207.0041174;207
208.0033547;208
209.0037847;209
210.0041651;210
211.0045086;211
212.0034848;212
213.0038394;213
214.0043077;214
215.004646;215
216.0038815;216
217.0042566;217
218.0045974;218
219.0035742;219
220.003923;220
221.0042671;221
222.0046194;222
223.0037002;223
224.0041814;224
225.0045243;225
226.0037555;226
227.0041276;227
228.0044782;228
229.0048094;229
230.0039294;230
231.0042624;231
232.0046082;232
233.004983;233
234.0040759;234
235.0044252;235
236.0049094;236
237.0040116;237
238.0043633;238
239.0047228;239
240.0050476;240
241.0041551;241
242.0046349;242
243.0049722;243
244.0041218;244
245.0044378;245
246.0049219;246
247.0051415;247
248.0042513;248
249.0047062;249
250.0046819;250
251.0045977;251
252.0046571;252
253.0046454;253
254.0047261;254
255.0048234;255
256.0048144;256
257.0047851;257
258.0049903;258
259.0047357;259
260.0050903;260
261.0054368;261
262.0046793;262
263.0050041;263
264.0053771;264
265.0057054;265
266.0048065;266
267.0051728;267
268.0055174;268
269.0047427;269
270.005093;270
271.0056636;271
272.0056589;272
273.0049003;273
274.0053605;274
275.0057154;275
276.0048205;276
277.005195;277
278.0056309;278
279.0058791;279
280.0049813;280
281.0053263;281
282.0056692;282
283.0060349;283
284.0051377;284
285.0054689;285
286.0058355;286
287.0050579;287
288.005442;288
289.0057583;289
290.0061173;290
291.0051959;291
292.0056905;292
293.0060405;293
294.0052596;294
295.0054765;295
296.0058455;296
297.0061863;297
298.005466;298
299.0057694;299
300.0059998;300
301.0063462;301
302.0057081;302
303.0059326;303
304.0063948;304
305.005618;305
306.0057206;306
307.0060776;307
308.0064348;308
309.0056572;309
310.005635;310
311.0057379;311
312.0055823;312
313.0056762;313
314.0056812;314
315.0057694;315
316.0057385;316
317.0057218;317
318.0056788;318
319.006015;319
320.0061267;320
321.006374;321
322.0068561;322
323.0059481;323
324.0063006;324
325.0067628;325
326.0058595;326
327.0061059;327
328.0064591;328
329.0070528;329
330.0060402;330
331.0065047;331
332.0068754;332
333.0070982;333
334.0063097;334
335.0066652;335
336.0070151;336
337.0061138;337
338.0064661;338
339.0069409;339
340.0072856;340
341.0064085;341
342.0067663;342
343.0071011;343
344.0061933;344
345.0066719;345
346.0071645;346
347.0073832;347
348.0064942;348
349.0068295;349
350.00719;350
351.0075302;351
352.0065035;352
353.00699;353
354.0073467;354
355.0065433;355
356.0067941;356
357.0071385;357
358.0076127;358
359.0067193;359
360.0070666;360
361.0074078;361
362.0066222;362
363.0069874;363
364.0073423;364
365.0077211;365
366.0067889;366
367.0071479;367
368.007696;368
369.0078319;369
370.0079612;370
371.0079661;371
372.0078849;372
373.0080994;373
374.007984;374
375.0079419;375
376.0079167;376
377.0080164;377
378.0078857;378
379.0079948;379
380.0072204;380
381.0074639;381
382.0078013;382
383.0081448;383
384.007361;384
385.0077097;385
386.0080649;386
387.0073215;387
388.0076443;388
389.0079866;389
390.0083576;390
391.0074308;391
392.0077308;392
393.0082064;393
394.0073028;394
395.0076112;395
396.0079416;396
397.0082813;397
398.0075323;398
399.0079153;399
400.0085064;400
401.0085862;401
402.0076665;402
403.0080395;403
404.0083781;404
405.0076089;405
406.0079635;406
407.0083886;407
408.0086529;408
409.0076302;409
410.0081015;410
411.0084684;411
412.0076855;412
413.0080293;413
414.0083819;414
415.0087297;415
416.0079802;416
417.0082009;417
418.0085374;418
419.008911;419
420.0081307;420
421.0085058;421
422.0088663;422
423.0079416;423
424.0082903;424
425.0086365;425
426.0090274;426
427.0080702;427
428.0084392;428
429.0087888;429
430.0088812;430
431.0089721;431
432.0088262;432
433.0089364;433
434.009168;434
435.0089037;435
436.0088686;436
437.0089557;437
438.0089282;438
439.0089136;439
440.009679;440
441.0083626;441
442.0088815;442
443.0090741;443
444.0082889;444
445.008652;445
446.0090446;446
447.0095036;447
448.0085783;448
449.0089952;449
450.0092931;450
451.0085111;451
452.0087382;452
453.0091466;453
454.0095965;454
455.0085193;455
456.0090133;456
457.0093747;457
458.0097202;458
459.0087993;459
460.0091721;460
461.0095486;461
462.0086242;462
463.0089794;463
464.0094404;464
465.0097851;465
466.0089075;466
467.0092355;467
468.0096188;468
469.0087999;469
470.0090879;470
471.0095343;471
472.0098763;472
473.0088443;473
474.0093223;474
475.0096734;475
476.0100716;476
477.0092618;477
478.0096147;478
479.0099444;479
480.0089247;480
481.0094232;481
482.0097582;482
483.0102491;483
484.0093504;484
485.0095694;485
486.0099193;486
487.0103789;487
488.0095083;488
489.009981;489
490.0098173;490
491.0099184;491
492.0099257;492
493.0101678;493
494.0098442;494
495.0098298;495
496.0097951;496
497.009914;497
498.0099974;498
499.0099912;499
500.0101997;500
501.0094445;501
502.0099038;502
503.0101456;503
504.0104739;504
505.0097486;505
506.0100889;506
507.0104274;507
508.0108232;508
509.0098541;509
510.0102043;510
511.0106896;511
512.0097869;512
513.0101526;513
514.0104862;514
515.0111413;515
516.0099538;516
517.0102958;517
518.0106581;518
519.0098877;519
520.0100991;520
521.010585;521
522.0110866;522
523.0100316;523
524.0103739;524
525.0107387;525
526.0111051;526
527.0103318;527
528.0106548;528
529.011122;529
530.0101134;530
531.0104835;531
532.0108247;532
533.0113433;533
534.0102587;534
535.010739;535
536.0111086;536
537.0101932;537
538.0105654;538
539.0109083;539
540.0112442;540
541.0104759;541
542.0108378;542
543.0111679;543
544.0114082;544
545.0104952;545
546.0110144;546
547.0113386;547
548.0104245;548
549.0108291;549
550.0108911;550
551.01078;551
552.0109679;552
553.010932;553
554.0107984;554
555.0108633;555
556.0109837;556
557.010977;557
558.0109709;558
559.0110469;559
560.0112737;560
561.0117506;561
562.0108513;562
563.0113746;563
564.0115465;564
565.0119151;565
566.0110004;566
567.0113796;567
568.0117108;568
569.0109264;569
570.0112945;570
571.0116424;571
572.0119941;572
573.0112109;573
574.011567;574
575.011926;575
576.0124329;576
577.0114986;577
578.0117725;578
579.0121794;579
580.0111586;580
581.0115366;581
582.0119888;582
583.0123893;583
584.0114632;584
585.0119321;585
586.0121818;586
587.0112568;587
588.0116538;588
589.0120637;589
590.012456;590
591.0114106;591
592.0119128;592
593.0122417;593
594.0114755;594
595.0116725;595
596.0120511;596
597.0125238;597
598.0116178;598
599.0119628;599
600.012301;600
601.0126706;601
602.0118844;602
603.0123352;603
604.0126115;604
605.0116842;605
606.0120528;606
607.0124124;607
608.0127378;608
609.0118681;609
610.0118187;610
611.0118111;611
612.0118967;612
613.0118719;613
614.0118976;614
615.0120829;615
616.0119572;616
617.0124282;617
618.0120099;618
619.012023;619
620.0123548;620
621.0126735;621
622.0131567;622
623.0121791;623
624.0125069;624
625.0129623;625
626.0121441;626
627.012551;627
628.012884;628
629.0131079;629
630.012339;630
631.0125604;631
632.0130626;632
633.0132816;633
634.0127065;634
635.0130106;635
636.0131906;636
637.0123162;637
638.0127761;638
639.0131193;639
640.0135964;640
641.0125776;641
642.0130597;642
643.0133979;643
644.0125326;644
645.0128895;645
646.0133433;646
647.0135634;647
648.0126779;648
649.0131529;649
650.0134891;650
651.0137286;651
652.01296;652
653.0133088;653
654.0136552;654
655.0128746;655
656.0130889;656
657.0135944;657
658.0137905;658
659.0130252;659
660.0133748;660
661.0137739;661
662.0128349;662
663.0131714;663
664.01359;664
665.0140206;665
666.0131301;666
667.0134669;667
668.0138142;668
669.0140721;669
670.0142226;670
671.0142428;671
672.0140791;672
673.0141893;673
674.0142916;674
675.0142522;675
676.0142332;676
677.0142276;677
678.0143539;678
679.0142995;679
680.0134163;680
681.0137642;681
682.0141683;682
683.013207;683
684.013661;684
685.013887;685
686.0142826;686
687.0134912;687
688.0139589;688
689.0143165;689
690.0145381;690
691.0138022;691
692.0140996;692
693.0144556;693
694.0135748;694
695.0139259;695
696.0142562;696
697.0149167;697
698.0140154;698
699.014313;699
700.0145369;700
701.013723;701
702.0141305;702
703.0145179;703
704.0148307;704
705.0139721;705
706.0142907;706
707.0147681;707
708.0137265;708
709.0141978;709
710.0145568;710
711.0149035;711
712.014108;712
713.0144805;713
714.0147097;714
715.0150465;715
716.0142905;716
717.014769;717
718.0150149;718
719.0141952;719
720.0145755;720
721.0148;721
722.0152821;722
723.0143746;723
724.0147199;724
725.0151897;725
726.0143387;726
727.0145995;727
728.0150052;728
729.0153654;729
730.0152321;730
731.0154359;731
732.0154446;732
733.0153847;733
734.0155177;734
735.0153435;735
736.0154338;736
737.0154107;737
738.0153891;738
739.0154981;739
740.0145986;740
741.0149535;741
742.0153026;742
743.0156484;743
744.0148632;744
745.0152207;745
746.0154514;746
747.0146807;747
748.0150763;748
749.0155078;749
750.0158583;750
751.0149418;751
752.0153172;752
753.0157688;753
754.0148854;754
755.0150985;755
756.0155671;756
757.0159422;757
758.0150251;758
759.0155505;759
760.0157314;760
761.0151464;761
762.015197;762
763.0156785;763
764.016041;764
765.0151023;765
766.0158457;766
767.0158194;767
768.0162755;768
769.0154923;769
770.0157344;770
771.0161021;771
772.0153201;772
773.0155516;773
774.0159077;774
775.0163658;775
776.0154756;776
777.0158156;777
778.016312;778
779.0154517;779
780.0157583;780
781.0162246;781
782.0164576;782
783.0156861;783
784.0159124;784
785.0162509;785
786.0155642;786
787.0158475;787
788.0163313;788
789.0165763;789
790.0166547;790
791.0167497;791
792.0165962;792
793.0166889;793
794.0166807;794
795.0166438;795
796.0166205;796
797.0167158;797
798.0166909;798
799.0166956;799
800.0159314;800
801.016255;801
802.0164757;802
803.016959;803
804.0160553;804
805.0165325;805
806.0168912;806
807.0158615;807
808.016398;808
809.0168394;809
810.0170502;810
811.0161287;811
812.0166316;812
813.0168485;813
814.0160688;814
815.0164105;815
816.0168991;816
817.0171265;817
818.016336;818
819.0167035;819
820.0170446;820
821.0162252;821
822.0164953;822
823.0169876;823
824.0172203;824
825.0164363;825
826.0167713;826
827.0171633;827
828.0176153;828
829.0165737;829
830.0170572;830
831.0174034;831
832.0163953;832
833.0167307;833
834.0173303;834
835.0175542;835
836.0166704;836
837.0170084;837
838.0174832;838
839.0167462;839
840.0169379;840
841.017415;841
842.0177846;842
843.016764;843
844.0170835;844
845.0176916;845
846.0166836;846
847.0170373;847
848.0173765;848
849.0178571;849
850.0178395;850
851.0178296;851
852.0179185;852
853.0178901;853
854.018105;854
855.0178337;855
856.0179269;856
857.0180436;857
858.0180211;858
859.0179764;859
860.0171274;860
861.017698;861
862.0178009;862
863.0182599;863
864.0172601;864
865.0177191;865
866.0180068;866
867.0171651;867
868.0175332;868
869.0178977;869
870.0182295;870
871.017332;871
872.0176647;872
873.0181544;873
874.017251;874
875.0175972;875
876.0179521;876
877.0183348;877
878.0175393;878
879.0180062;879
880.018359;880
881.0188163;881
882.0178056;882
883.0180436;883
884.0185154;884
885.0176054;885
886.0180874;886
887.0183231;887
888.0190142;888
889.0179126;889
890.0183567;890
891.0187464;891
892.0178308;892
893.0180506;893
894.0185301;894
895.0189958;895
896.0179693;896
897.0184625;897
898.0186908;898
899.0177854;899
900.0182646;900
901.0186163;901
902.0189733;902
903.0181988;903
904.0185312;904
905.018906;905
906.0179994;906
907.0183549;907
908.018697;908
909.0191861;909
910.0191542;910
911.0191191;911
912.0191069;912
913.01908;913
914.0191604;914
915.0193097;915
916.0192516;916
917.0192264;917
918.0192896;918
919.0191893;919
920.0182696;920
921.0187613;921
922.0191381;922
923.0194644;923
924.0185491;924
925.0190276;925
926.0192758;926
927.0185134;927
928.0188446;928
929.0193191;929
930.0196749;930
931.0186523;931
932.0191282;932
933.0194615;933
934.0185821;934
935.0189127;935
936.0192849;936
937.0197883;937
938.0188411;938
939.0192083;939
940.0194091;940
941.0187642;941
942.0191203;942
943.0194682;943
944.0199368;944
945.0189516;945
946.0194039;946
947.0197497;947
948.0201491;948
949.0194056;949
950.0195574;950
951.0197845;951
952.0191446;952
953.0193606;953
954.0198474;954
955.0200687;955
956.0192282;956
957.0196494;957
958.0200049;958
959.0190905;959
960.0195696;960
961.0199149;961
962.0202806;962
963.0194065;963
964.0198991;964
965.0200734;965
966.0193209;966
967.01966;967
968.0198763;968
969.0204794;969
970.0203365;970
971.0203148;971
972.020423;972
973.02039;973
974.0204002;974
975.0205206;975
976.020475;976
977.0204689;977
978.0206063;978
979.0204978;979
980.0196284;980
981.0199532;981
982.0204344;982
983.020699;983
984.0198705;984
985.0200964;985
986.0205709;986
987.0197269;987
988.0200307;988
989.0205051;989
990.020875;990
991.0199821;991
992.0203069;992
993.0206577;993
994.0198845;994
995.0201619;995
996.0204639;996
997.0209489;997
998.0200327;998
999.0203973;999
1000.020745;1000
1001.021222;1001
1002.020328;1002
1003.020674;1003
1004.021033;1004
1005.020136;1005
1006.020481;1006
1007.020824;1007
1008.02132;1008
1009.020288;1009
1010.021129;1010
1011.020962;1011
1012.020205;1012
1013.020691;1013
1014.02103;1014
1015.021258;1015
1016.020527;1016
1017.020956;1017
1018.021075;1018
1019.020295;1019
1020.020767;1020
1021.021123;1021
1022.02148;1022
1023.020587;1023
1024.021129;1024
1025.021259;1025
1026.021739;1026
1027.020857;1027
1028.021311;1028
1029.021574;1029
1030.021586;1030
1031.021507;1031
1032.021471;1032
1033.021595;1033
1034.021566;1034
1035.021641;1035
1036.021622;1036
1037.021619;1037
1038.021579;1038
1039.021551;1039
1040.020779;1040
1041.021154;1041
1042.021473;1042
1043.021954;1043
1044.021237;1044
1045.021541;1045
1046.021778;1046
1047.022249;1047
1048.021217;1048
1049.021576;1049
1050.022036;1050
1051.021148;1051
1052.021549;1052
1053.021965;1053
1054.022204;1054
1055.021287;1055
1056.021772;1056
1057.022047;1057
1058.02133;1058
1059.02158;1059
1060.021927;1060
1061.022543;1061
1062.021515;1062
1063.021743;1063
1064.022426;1064
1065.021425;1065
1066.02168;1066
1067.022124;1067
1068.022477;1068
1069.021587;1069
1070.022075;1070
1071.022312;1071
1072.021386;1072
1073.021874;1073
1074.022232;1074
1075.02256;1075
1076.021787;1076
1077.022157;1077
1078.022527;1078
1079.022845;1079
1080.022066;1080
1081.02231;1081
1082.022789;1082
1083.021746;1083
1084.022288;1084
1085.0226;1085
1086.022937;1086
1087.022041;1087
1088.022377;1088
1089.022858;1089
1090.022905;1090
1091.02285;1091
1092.022918;1092
1093.022903;1093
1094.022873;1094
1095.022852;1095
1096.022821;1096
1097.022935;1097
1098.022901;1098
1099.023005;1099
1100.022249;1100
1101.022445;1101
1102.022808;1102
1103.023155;1103
1104.022388;1104
1105.022717;1105
1106.02309;1106
1107.022171;1107
1108.022543;1108
1109.02289;1109
1110.023346;1110
1111.02244;1111
1112.022942;1112
1113.023309;1113
1114.022386;1114
1115.022733;1115
1116.022975;1116
1117.023555;1117
1118.022577;1118
1119.023013;1119
1120.023287;1120
1121.023731;1121
1122.022965;1122
1123.023192;1123
1124.023644;1124
1125.022761;1125
1126.022987;1126
1127.023447;1127
1128.023797;1128
1129.023051;1129
1130.023383;1130
1131.023735;1131
1132.022833;1132
1133.023193;1133
1134.023542;1134
1135.023872;1135
1136.022992;1136
1137.023335;1137
1138.023682;1138
1139.023043;1139
1140.023386;1140
1141.023735;1141
1142.02414;1142
1143.023077;1143
1144.023577;1144
1145.023881;1145
1146.023139;1146
1147.023484;1147
1148.023837;1148
1149.024181;1149
1150.024264;1150
1151.024264;1151
1152.024093;1152
1153.024208;1153
1154.024296;1154
1155.024268;1155
1156.024243;1156
1157.024242;1157
1158.024212;1158
1159.024311;1159
1160.023539;1160
1161.023876;1161
1162.024244;1162
1163.024581;1163
1164.023828;1164
1165.024021;1165
1166.024395;1166
1167.02361;1167
1168.023977;1168
1169.024326;1169
1170.02467;1170
1171.023905;1171
1172.024114;1172
1173.024611;1173
1174.023701;1174
1175.024164;1175
1176.024445;1176
1177.02488;1177
1178.023984;1178
1179.024357;1179
1180.024674;1180
1181.023789;1181
1182.024138;1182
1183.024622;1183
1184.025008;1184
1185.024052;1185
1186.024433;1186
1187.024903;1187
1188.024004;1188
1189.024365;1189
1190.025004;1190
1191.025292;1191
1192.024298;1192
1193.024525;1193
1194.024974;1194
1195.024063;1195
1196.024435;1196
1197.024911;1197
1198.025331;1198
1199.024485;1199
1200.02473;1200
1201.025056;1201
1202.024173;1202
1203.024746;1203
1204.024877;1204
1205.025347;1205
1206.024438;1206
1207.0248;1207
1208.02531;1208
1209.02439;1209
1210.025627;1210
1211.025559;1211
1212.025543;1212
1213.025667;1213
1214.025621;1214
1215.025581;1215
1216.02556;1216
1217.025812;1217
1218.02578;1218
1219.025751;1219
1220.024978;1220
1221.025253;1221
1222.025714;1222
1223.024772;1223
1224.025136;1224
1225.025506;1225
1226.025848;1226
1227.025072;1227
1228.025301;1228
1229.025712;1229
1230.024865;1230
1231.025346;1231
1232.025638;1232
1233.026023;1233
1234.025183;1234
1235.025482;1235
1236.025782;1236
1237.024954;1237
1238.025301;1238
1239.025832;1239
1240.026151;1240
1241.02523;1241
1242.025565;1242
1243.025956;1243
1244.025179;1244
1245.025511;1245
1246.025843;1246
1247.026212;1247
1248.025446;1248
1249.025975;1249
1250.026263;1250
1251.025545;1251
1252.025956;1252
1253.026362;1253
1254.02666;1254
1255.025659;1255
1256.026182;1256
1257.026556;1257
1258.027073;1258
1259.026089;1259
1260.02647;1260
1261.026886;1261
1262.025911;1262
1263.026198;1263
1264.026601;1264
1265.026948;1265
1266.026252;1266
1267.026659;1267
1268.026905;1268
1269.026123;1269
1270.026154;1270
1271.026156;1271
1272.026247;1272
1273.026065;1273
1274.026149;1274
1275.025795;1275
1276.026073;1276
1277.026126;1277
1278.026301;1278
1279.026124;1279
1280.026563;1280
1281.02694;1281
1282.027181;1282
1283.026638;1283
1284.026934;1284
1285.027038;1285
1286.026441;1286
1287.026835;1287
1288.02717;1288
1289.027488;1289
1290.02657;1290
1291.026971;1291
1292.027375;1292
1293.02636;1293
1294.02687;1294
1295.027065;1295
1296.027652;1296
1297.02674;1297
1298.027139;1298
1299.027597;1299
1300.026551;1300
1301.026929;1301
1302.027359;1302
1303.027738;1303
1304.026779;1304
1305.027198;1305
1306.027669;1306
1307.027994;1307
1308.027062;1308
1309.027421;1309
1310.027757;1310
1311.027087;1311
1312.027023;1312
1313.027365;1313
1314.027857;1314
1315.026837;1315
1316.027431;1316
1317.027657;1317
1318.02676;1318
1319.02726;1319
1320.027474;1320
1321.027815;1321
1322.027164;1322
1323.027395;1323
1324.027867;1324
1325.026824;1325
1326.027193;1326
1327.027533;1327
1328.028127;1328
1329.027241;1329
1330.027081;1330
1331.027187;1331
1332.027174;1332
1333.027152;1333
1334.027235;1334
1335.027226;1335
1336.027316;1336
1337.027305;1337
1338.027421;1338
1339.027383;1339
1340.027718;1340
1341.027962;1341
1342.027198;1342
1343.027531;1343
1344.028019;1344
1345.028236;1345
1346.027573;1346
1347.027799;1347
1348.028214;1348
1349.027404;1349
1350.027629;1350
1351.027967;1351
1352.028584;1352
1353.027545;1353
1354.02788;1354
1355.028232;1355
1356.027456;1356
1357.027825;1357
1358.028165;1358
1359.028658;1359
1360.027764;1360
1361.02798;1361
1362.028334;1362
1363.028935;1363
1364.027938;1364
1365.028267;1365
1366.028719;1366
1367.027834;1367
1368.028215;1368
1369.02842;1369
1370.02889;1370
1371.027992;1371
1372.028337;1372
1373.028698;1373
1374.027918;1374
1375.02826;1375
1376.028616;1376
1377.028987;1377
1378.028181;1378
1379.028552;1379
1380.028896;1380
1381.027985;1381
1382.028463;1382
1383.028832;1383
1384.029047;1384
1385.028266;1385
1386.02864;1386
1387.029047;1387
1388.028069;1388
1389.028563;1389
1390.028521;1390
1391.028632;1391
1392.028614;1392
1393.028587;1393
1394.028572;1394
1395.028526;1395
1396.028497;1396
1397.028632;1397
1398.02872;1398
1399.028579;1399
1400.029045;1400
1401.029401;1401
1402.028499;1402
1403.02886;1403
1404.029328;1404
1405.029662;1405
1406.028814;1406
1407.029001;1407
1408.029483;1408
1409.028599;1409
1410.029078;1410
1411.029416;1411
1412.029614;1412
1413.028867;1413
1414.029216;1414
1415.029569;1415
1416.028664;1416
1417.02914;1417
1418.029486;1418
1419.029984;1419
1420.028927;1420
1421.029304;1421
1422.029645;1422
1423.029982;1423
1424.029223;1424
1425.029568;1425
1426.029913;1426
1427.029027;1427
1428.029509;1428
1429.029712;1429
1430.030087;1430
1431.029284;1431
1432.029679;1432
1433.030134;1433
1434.029093;1434
1435.029604;1435
1436.030046;1436
1437.030284;1437
1438.029501;1438
1439.029864;1439
1440.030216;1440
1441.029461;1441
1442.029543;1442
1443.030022;1443
1444.030547;1444
1445.029578;1445
1446.029945;1446
1447.030281;1447
1448.029536;1448
1449.029868;1449
1450.029843;1450
1451.029813;1451
1452.029788;1452
1453.029758;1453
1454.029825;1454
1455.029839;1455
1456.029849;1456
1457.030092;1457
1458.029937;1458
1459.029927;1459
1460.030359;1460
1461.030718;1461
1462.029814;1462
1463.030171;1463
1464.030507;1464
1465.030971;1465
1466.030081;1466
1467.03049;1467
1468.030819;1468
1469.029899;1469
1470.030257;1470
1471.030708;1471
1472.031087;1472
1473.030181;1473
1474.030652;1474
1475.031033;1475
1476.029981;1476
1477.030326;1477
1478.030838;1478
1479.031458;1479
1480.030381;1480
1481.030723;1481
1482.030955;1482
1483.030191;1483
1484.030649;1484
1485.030876;1485
1486.031364;1486
1487.030356;1487
1488.030926;1488
1489.031161;1489
1490.030363;1490
1491.030731;1491
1492.031301;1492
1493.03136;1493
1494.030549;1494
1495.030883;1495
1496.031398;1496
1497.030474;1497
1498.03083;1498
1499.031333;1499
1500.031649;1500
1501.030629;1501
1502.031092;1502
1503.031459;1503
1504.030608;1504
1505.030908;1505
1506.031386;1506
1507.031599;1507
1508.030955;1508
1509.031285;1509
1510.031151;1510
1511.031263;1511
1512.031227;1512
1513.031342;1513
1514.031318;1514
1515.031304;1515
1516.031393;1516
1517.031377;1517
1518.031476;1518
1519.031447;1519
1520.0318;1520
1521.032142;1521
1522.031376;1522
1523.031732;1523
1524.032078;1524
1525.031175;1525
1526.031553;1526
1527.031995;1527
1528.03235;1528
1529.031471;1529
1530.031818;1530
1531.03204;1531
1532.031251;1532
1533.031733;1533
1534.032221;1534
1535.032425;1535
1536.031652;1536
1537.031937;1537
1538.032373;1538
1539.031495;1539
1540.031807;1540
1541.032282;1541
1542.032516;1542
1543.03175;1543
1544.031975;1544
1545.032336;1545
1546.031556;1546
1547.031912;1547
1548.032286;1548
1549.03275;1549
1550.031835;1550
1551.032167;1551
1552.032532;1552
1553.03176;1553
1554.032059;1554
1555.032448;1555
1556.032797;1556
1557.031912;1557
1558.032379;1558
1559.032617;1559
1560.03185;1560
1561.032055;1561
1562.032544;1562
1563.0329;1563
1564.032129;1564
1565.032331;1565
1566.032833;1566
1567.031908;1567
1568.032273;1568
1569.032649;1569
1570.032604;1570
1571.032741;1571
1572.032681;1572
1573.032774;1573
1574.032744;1574
1575.03284;1575
1576.032838;1576
1577.032672;1577
1578.032921;1578
1579.032874;1579
1580.033224;1580
1581.032322;1581
1582.032677;1582
1583.03317;1583
1584.03352;1584
1585.032482;1585
1586.032982;1586
1587.033441;1587
1588.032531;1588
1589.032906;1589
1590.033129;1590
1591.033604;1591
1592.032702;1592
1593.033176;1593
1594.033509;1594
1595.03248;1595
1596.032968;1596
1597.03334;1597
1598.033669;1598
1599.032924;1599
1600.033251;1600
1601.033609;1601
1602.032845;1602
1603.033044;1603
1604.033536;1604
1605.033888;1605
1606.032975;1606
1607.033344;1607
1608.033807;1608
1609.032917;1609
1610.033163;1610
1611.033625;1611
1612.033979;1612
1613.033081;1613
1614.033552;1614
1615.033929;1615
1616.032885;1616
1617.033366;1617
1618.033709;1618
1619.034188;1619
1620.033294;1620
1621.033629;1621
1622.034136;1622
1623.033094;1623
1624.033431;1624
1625.033786;1625
1626.034252;1626
1627.033442;1627
1628.033838;1628
1629.034194;1629
1630.034171;1630
1631.034271;1631
1632.034247;1632
1633.03409;1633
1634.034201;1634
1635.034301;1635
1636.034259;1636
1637.034359;1637
1638.03435;1638
1639.034457;1639
1640.033541;1640
1641.033906;1641
1642.034133;1642
1643.034609;1643
1644.033726;1644
1645.034178;1645
1646.03452;1646
1647.033511;1647
1648.033868;1648
1649.034342;1649
1650.034675;1650
1651.033918;1651
1652.034267;1652
1653.03454;1653
1654.034957;1654
1655.034048;1655
1656.034425;1656
1657.034886;1657
1658.033859;1658
1659.034367;1659
1660.034685;1660
1661.035055;1661
1662.034288;1662
1663.034612;1663
1664.034846;1664
1665.034105;1665
1666.034413;1666
1667.034769;1667
1668.035251;1668
1669.034238;1669
1670.034595;1670
1671.03504;1671
1672.03429;1672
1673.034622;1673
1674.034997;1674
1675.03535;1675
1676.034454;1676
1677.034799;1677
1678.035151;1678
1679.034354;1679
1680.034707;1680
1681.035055;1681
1682.035433;1682
1683.03466;1683
1684.034862;1684
1685.035212;1685
1686.034455;1686
1687.034788;1687
1688.035151;1688
1689.035616;1689
1690.035492;1690
1691.035593;1691
1692.035566;1692
1693.035549;1693
1694.03562;1694
1695.035613;1695
1696.035719;1696
1697.035677;1697
1698.035674;1698
1699.035647;1699
1700.034728;1700
1701.035224;1701
1702.035552;1702
1703.03593;1703
1704.035153;1704
1705.035353;1705
1706.035709;1706
1707.035065;1707
1708.035311;1708
1709.035638;1709
1710.036007;1710
1711.035242;1711
1712.035568;1712
1713.03601;1713
1714.035165;1714
1715.035499;1715
1716.035866;1716
1717.036256;1717
1718.035325;1718
1719.035779;1719
1720.036149;1720
1721.035258;1721
1722.035704;1722
1723.035952;1723
1724.036458;1724
1725.035401;1725
1726.036053;1726
1727.036231;1727
1728.035305;1728
1729.035799;1729
1730.036209;1730
1731.036811;1731
1732.035581;1732
1733.036052;1733
1734.036442;1734
1735.03551;1735
1736.035871;1736
1737.036398;1737
1738.036686;1738
1739.035808;1739
1740.036279;1740
1741.036626;1741
1742.035756;1742
1743.036068;1743
1744.036541;1744
1745.036776;1745
1746.036155;1746
1747.036461;1747
1748.036869;1748
1749.035907;1749
1750.035982;1750
1751.035809;1751
1752.035852;1752
1753.035829;1753
1754.036227;1754
1755.0361;1755
1756.035903;1756
1757.036047;1757
1758.036101;1758
1759.036073;1759
1760.036546;1760
1761.03693;1761
1762.037251;1762
1763.036222;1763
1764.036723;1764
1765.037206;1765
1766.036283;1766
1767.036647;1767
1768.036977;1768
1769.037335;1769
1770.036571;1770
1771.036781;1771
1772.037255;1772
1773.036357;1773
1774.036834;1774
1775.037182;1775
1776.037414;1776
1777.03667;1777
1778.037107;1778
1779.037385;1779
1780.036565;1780
1781.036917;1781
1782.037386;1782
1783.036489;1783
1784.036845;1784
1785.03731;1785
1786.037668;1786
1787.03677;1787
1788.037175;1788
1789.037501;1789
1790.036573;1790
1791.037055;1791
1792.037404;1792
1793.037779;1793
1794.03698;1794
1795.037317;1795
1796.037676;1796
1797.036907;1797
1798.037147;1798
1799.037505;1799
1800.037833;1800
1801.037058;1801
1802.037463;1802
1803.037669;1803
1804.038113;1804
1805.037213;1805
1806.037692;1806
1807.038059;1807
1808.037149;1808
1809.037533;1809
1810.037628;1810
1811.037595;1811
1812.037564;1812
1813.037524;1813
1814.037622;1814
1815.037624;1815
1816.037575;1816
1817.037685;1817
1818.037655;1818
1819.037756;1819
1820.038115;1820
1821.038329;1821
1822.037557;1822
1823.037912;1823
1824.038385;1824
1825.037483;1825
1826.037835;1826
1827.038187;1827
1828.03854;1828
1829.037645;1829
1830.0382;1830
1831.03846;1831
1832.037565;1832
1833.037922;1833
1834.038266;1834
1835.038622;1835
1836.037845;1836
1837.038197;1837
1838.038698;1838
1839.037648;1839
1840.038132;1840
1841.03847;1841
1842.038824;1842
1843.038055;1843
1844.038159;1844
1845.038638;1845
1846.037856;1846
1847.038223;1847
1848.038556;1848
1849.03906;1849
1850.038138;1850
1851.038483;1851
1852.038839;1852
1853.03794;1853
1854.038288;1854
1855.038768;1855
1856.039;1856
1857.038111;1857
1858.038566;1858
1859.038927;1859
1860.039277;1860
1861.038551;1861
1862.038852;1862
1863.039077;1863
1864.038302;1864
1865.038662;1865
1866.039138;1866
1867.039481;1867
1868.038576;1868
1869.038937;1869
1870.039035;1870
1871.039171;1871
1872.038982;1872
1873.038962;1873
1874.039063;1874
1875.039063;1875
1876.039052;1876
1877.03912;1877
1878.039218;1878
1879.039074;1879
1880.039555;1880
1881.038742;1881
1882.039149;1882
1883.039474;1883
1884.039826;1884
1885.038935;1885
1886.039409;1886
1887.039772;1887
1888.038727;1888
1889.039202;1889
1890.039703;1890
1891.040033;1891
1892.039006;1892
1893.039365;1893
1894.039711;1894
1895.038934;1895
1896.039294;1896
1897.039762;1897
1898.040129;1898
1899.039226;1899
1900.039713;1900
1901.040053;1901
1902.039033;1902
1903.039491;1903
1904.039841;1904
1905.040223;1905
1906.039422;1906
1907.039779;1907
1908.040124;1908
1909.039355;1909
1910.039705;1910
1911.040056;1911
1912.039147;1912
1913.039639;1913
1914.039979;1914
1915.040322;1915
1916.039336;1916
1917.039903;1917
1918.040305;1918
1919.039365;1919
1920.039834;1920
1921.040058;1921
1922.040541;1922
1923.039516;1923
1924.039988;1924
1925.040341;1925
1926.039576;1926
1927.039926;1927
1928.04028;1928
1929.040756;1929
1930.040819;1930
1931.040722;1931
1932.040822;1932
1933.040774;1933
1934.040626;1934
1935.040725;1935
1936.040701;1936
1937.040873;1937
1938.040783;1938
1939.040888;1939
1940.040004;1940
1941.04049;1941
1942.040818;1942
1943.039924;1943
1944.040401;1944
1945.040631;1945
1946.040963;1946
1947.040204;1947
1948.040551;1948
1949.040894;1949
1950.039991;1950
1951.040512;1951
1952.040843;1952
1953.041191;1953
1954.040418;1954
1955.040771;1955
1956.041109;1956
1957.0402;1957
1958.040702;1958
1959.041048;1959
1960.041424;1960
1961.040479;1961
1962.040961;1962
1963.041306;1963
1964.040407;1964
1965.040636;1965
1966.041111;1966
1967.041466;1967
1968.040569;1968
1969.041064;1969
1970.04143;1970
1971.040628;1971
1972.040971;1972
1973.041314;1973
1974.041663;1974
1975.040771;1975
1976.041123;1976
1977.041642;1977
1978.040705;1978
1979.041059;1979
1980.041533;1980
1981.041884;1981
1982.040982;1982
1983.041463;1983
1984.041684;1984
1985.040779;1985
1986.041175;1986
1987.041615;1987
1988.041841;1988
1989.04107;1989
1990.04107;1990
1991.041049;1991
1992.041126;1992
1993.041241;1993
1994.041315;1994
1995.041169;1995
1996.041143;1996
1997.041251;1997
1998.041239;1998
1999.041315;1999
2000.041742;2000
2001.042194;2001
2002.041147;2002
2003.041604;2003
2004.04206;2004
2005.042449;2005
2006.041527;2006
2007.041946;2007
2008.042388;2008
2009.041511;2009
2010.041834;2010
2011.042223;2011
2012.042528;2012
2013.041751;2013
2014.042038;2014
2015.042347;2015
2016.041619;2016
2017.041914;2017
2018.0424;2018
2019.042786;2019
2020.041805;2020
2021.042172;2021
2022.042425;2022
2023.041901;2023
2024.04198;2024
2025.042502;2025
2026.042802;2026
2027.041916;2027
2028.042257;2028
2029.042485;2029
2030.041821;2030
2031.042318;2031
2032.042439;2032
2033.04289;2033
2034.042034;2034
2035.042352;2035
2036.042706;2036
2037.042064;2037
2038.042326;2038
2039.042621;2039
2040.042975;2040
2041.04221;2041
2042.042464;2042
2043.042816;2043
2044.04213;2044
2045.042375;2045
2046.042843;2046
2047.043058;2047
2048.042288;2048
2049.042516;2049
2050.042497;2050
2051.042587;2051
2052.042579;2052
2053.042685;2053
2054.042813;2054
2055.042742;2055
2056.042733;2056
2057.042702;2057
2058.042661;2058
2059.04278;2059
2060.043118;2060
2061.043486;2061
2062.042703;2062
2063.043063;2063
2064.043398;2064
2065.042514;2065
2066.042843;2066
2067.043323;2067
2068.043694;2068
2069.042785;2069
2070.043124;2070
2071.043621;2071
2072.042605;2072
2073.042935;2073
2074.043287;2074
2075.043756;2075
2076.042988;2076
2077.043213;2077
2078.043609;2078
2079.042739;2079
2080.043155;2080
2081.043617;2081
2082.04385;2082
2083.043065;2083
2084.043298;2084
2085.043763;2085
2086.043004;2086
2087.043216;2087
2088.043697;2088
2089.044052;2089
2090.043184;2090
2091.043506;2091
2092.043872;2092
2093.044342;2093
2094.043431;2094
2095.043774;2095
2096.044157;2096
2097.043256;2097
2098.043725;2098
2099.043942;2099
2100.044411;2100
2101.043651;2101
2102.043863;2102
2103.044216;2103
2104.043446;2104
2105.043735;2105
2106.044151;2106
2107.044494;2107
2108.043717;2108
2109.044087;2109
2110.043946;2110
2111.044057;2111
2112.044062;2112
2113.044021;2113
2114.044152;2114
2115.044193;2115
2116.044161;2116
2117.044003;2117
2118.044109;2118
2119.044211;2119
2120.044447;2120
2121.043768;2121
2122.043881;2122
2123.044556;2123
2124.044859;2124
2125.043933;2125
2126.044296;2126
2127.044766;2127
2128.043873;2128
2129.044217;2129
2130.044563;2130
2131.044924;2131
2132.044031;2132
2133.044375;2133
2134.044853;2134
2135.04521;2135
2136.044429;2136
2137.044644;2137
2138.044872;2138
2139.044226;2139
2140.044711;2140
2141.044946;2141
2142.0453;2142
2143.04439;2143
2144.04474;2144
2145.045085;2145
2146.044321;2146
2147.044538;2147
2148.045012;2148
2149.045389;2149
2150.044475;2150
2151.045104;2151
2152.045281;2152
2153.044529;2153
2154.044766;2154
2155.045365;2155
2156.045579;2156
2157.044544;2157
2158.045146;2158
2159.045395;2159
2160.044601;2160
2161.04482;2161
2162.045421;2162
2163.045773;2163
2164.044753;2164
2165.04523;2165
2166.045593;2166
2167.044704;2167
2168.045026;2168
2169.045378;2169
2170.045378;2170
2171.045473;2171
2172.045437;2172
2173.045541;2173
2174.045509;2174
2175.045631;2175
2176.045588;2176
2177.045609;2177
2178.045666;2178
2179.045673;2179
2180.046136;2180
2181.045237;2181
2182.045502;2182
2183.045926;2183
2184.045086;2184
2185.045497;2185
2186.045737;2186
2187.046091;2187
2188.045194;2188
2189.045652;2189
2190.045997;2190
2191.045124;2191
2192.045456;2192
2193.045924;2193
2194.046289;2194
2195.045512;2195
2196.04593;2196
2197.046212;2197
2198.04532;2198
2199.045561;2199
2200.046022;2200
2201.046499;2201
2202.045469;2202
2203.045952;2203
2204.046312;2204
2205.045401;2205
2206.045762;2206
2207.046107;2207
2208.046449;2208
2209.045683;2209
2210.046168;2210
2211.046508;2211
2212.045494;2212
2213.045975;2213
2214.046341;2214
2215.046648;2215
2216.045761;2216
2217.046109;2217
2218.046606;2218
2219.045807;2219
2220.046041;2220
2221.046538;2221
2222.046892;2222
2223.045977;2223
2224.046318;2224
2225.046672;2225
2226.045899;2226
2227.046258;2227
2228.046808;2228
2229.046951;2229
2230.047298;2230
2231.046898;2231
2232.047128;2232
2233.04711;2233
2234.047217;2234
2235.04719;2235
2236.047024;2236
2237.047156;2237
2238.047121;2238
2239.047352;2239
2240.046577;2240
2241.046658;2241
2242.047017;2242
2243.046239;2243
2244.046582;2244
2245.046934;2245
2246.047319;2246
2247.04639;2247
2248.04688;2248
2249.04723;2249
2250.046442;2250
2251.046667;2251
2252.047139;2252
2253.047368;2253
2254.046722;2254
2255.046955;2255
2256.047421;2256
2257.046545;2257
2258.046872;2258
2259.047253;2259
2260.047579;2260
2261.04668;2261
2262.047053;2262
2263.047513;2263
2264.046606;2264
2265.046958;2265
2266.04748;2266
2267.047837;2267
2268.046886;2268
2269.047235;2269
2270.047598;2270
2271.046687;2271
2272.047179;2272
2273.047688;2273
2274.048027;2274
2275.046972;2275
2276.047444;2276
2277.047831;2277
2278.048279;2278
2279.047412;2279
2280.047613;2280
2281.048131;2281
2282.04735;2282
2283.047534;2283
2284.048055;2284
2285.047014;2285
2286.047477;2286
2287.047814;2287
2288.048225;2288
2289.047453;2289
2290.047397;2290
2291.047513;2291
2292.047531;2292
2293.04753;2293
2294.047413;2294
2295.047586;2295
2296.047607;2296
2297.04759;2297
2298.047789;2298
2299.047558;2299
2300.048031;2300
2301.048221;2301
2302.048573;2302
2303.047852;2303
2304.048163;2304
2305.048524;2305
2306.047762;2306
2307.048112;2307
2308.048419;2308
2309.047659;2309
2310.047886;2310
2311.048379;2311
2312.048829;2312
2313.047809;2313
2314.048214;2314
2315.048644;2315
2316.047857;2316
2317.048086;2317
2318.048636;2318
2319.048945;2319
2320.048137;2320
2321.048398;2321
2322.048845;2322
2323.047947;2323
2324.048315;2324
2325.048861;2325
2326.049017;2326
2327.048227;2327
2328.048451;2328
2329.048935;2329
2330.048024;2330
2331.048387;2331
2332.04886;2332
2333.049225;2333
2334.048313;2334
2335.048845;2335
2336.049135;2336
2337.048246;2337
2338.048588;2338
2339.048935;2339
2340.049288;2340
2341.048543;2341
2342.048865;2342
2343.049095;2343
2344.048434;2344
2345.048804;2345
2346.049145;2346
2347.049497;2347
2348.048728;2348
2349.048949;2349
2350.048686;2350
2351.049532;2351
2352.049251;2352
2353.048744;2353
2354.049706;2354
2355.049304;2355
2356.048906;2356
2357.049758;2357
2358.049229;2358
2359.048997;2359
2360.048959;2360
2361.049168;2361
2362.049007;2362
2363.049118;2363
2364.049095;2364
2365.049073;2365
2366.049165;2366
2367.049275;2367
2368.049245;2368
2369.049219;2369
2370.049211;2370
2371.049183;2371
2372.049278;2372
2373.049249;2373
2374.049361;2374
2375.049326;2375
2376.049597;2376
2377.04929;2377
2378.049251;2378
2379.049374;2379
2380.049336;2380
2381.049429;2381
2382.049404;2382
2383.049505;2383
2384.049482;2384
2385.049457;2385
2386.04943;2386
2387.049426;2387
2388.049529;2388
2389.049615;2389
2390.04947;2390
2391.049616;2391
2392.049681;2392
2393.04967;2393
2394.049618;2394
2395.04972;2395
2396.049695;2396
2397.049771;2397
2398.049768;2398
2399.049771;2399
2400.049602;2400
2401.049834;2401
2402.049676;2402
2403.049804;2403
2404.049912;2404
2405.049862;2405
2406.049838;2406
2407.049817;2407
2408.049794;2408
2409.049927;2409
2410.050883;2410
2411.050487;2411
2412.050061;2412
2413.0508;2413
2414.050514;2414
2415.050173;2415
2416.050964;2416
2417.050571;2417
2418.050422;2418
2419.050022;2419
2420.050003;2420
2421.050054;2421
2422.049949;2422
2423.049967;2423
2424.050172;2424
2425.050002;2425
2426.050112;2426
2427.051331;2427
2428.051306;2428
2429.051418;2429
2430.051405;2430
2431.051374;2431
2432.051334;2432
2433.051434;2433
2434.05141;2434
2435.051519;2435
2436.051616;2436
2437.051593;2437
2438.051566;2438
2439.051537;2439
2440.051515;2440
2441.051617;2441
2442.051598;2442
2443.051695;2443
2444.051701;2444
2445.051777;2445
2446.051758;2446
2447.051597;2447
2448.051708;2448
2449.051804;2449
2450.051793;2450
2451.051801;2451
2452.051865;2452
2453.051832;2453
2454.051814;2454
2455.051929;2455
2456.051815;2456
2457.051991;2457
2458.051857;2458
2459.051832;2459
2460.05207;2460
2461.052029;2461
2462.051988;2462
2463.052094;2463
2464.051941;2464
2465.052053;2465
2466.052024;2466
2467.052012;2467
2468.052099;2468
2469.052076;2469
2470.051799;2470
2471.051278;2471
2472.05225;2472
2473.051855;2473
2474.051456;2474
2475.051059;2475
2476.052024;2476
2477.051645;2477
2478.051236;2478
2479.052079;2479
2480.052187;2480
2481.052187;2481
2482.052136;2482
2483.052266;2483
2484.052121;2484
2485.052192;2485
2486.052345;2486
2487.052404;2487
2488.052387;2488
2489.052276;2489
2490.052335;2490
2491.052345;2491
2492.052278;2492
2493.05239;2493
2494.052371;2494
2495.052466;2495
2496.052434;2496
2497.052402;2497
2498.052537;2498
2499.05236;2499
2500.052457;2500
2501.052585;2501
2502.052531;2502
2503.052511;2503
2504.052505;2504
2505.052604;2505
2506.052683;2506
2507.052659;2507
2508.052637;2508
2509.052621;2509
2510.052594;2510
2511.052601;2511
2512.052665;2512
2513.052766;2513
2514.052872;2514
2515.05274;2515
2516.052825;2516
2517.052924;2517
2518.052907;2518
2519.052766;2519
2520.052864;2520
2521.052819;2521
2522.052937;2522
2523.052932;2523
2524.052882;2524
2525.052936;2525
2526.05284;2526
2527.053078;2527
2528.052919;2528
2529.053033;2529
2530.052743;2530
2531.05223;2531
2532.053065;2532
2533.0528;2533
2534.052407;2534
2535.053471;2535
2536.052981;2536
2537.052458;2537
2538.053532;2538
2539.05305;2539
2540.053171;2540
2541.053197;2541
2542.053243;2542
2543.053187;2543
2544.053167;2544
2545.053133;2545
2546.053136;2546
2547.053271;2547
2548.053207;2548
2549.053234;2549
2550.053312;2550
2551.053486;2551
2552.053545;2552
2553.053436;2553
2554.0533;2554
2555.053465;2555
2556.053431;2556
2557.053406;2557
2558.053354;2558
2559.053402;2559
2560.053425;2560
2561.05353;2561
2562.053499;2562
2563.053535;2563
2564.053587;2564
2565.053581;2565
2566.053583;2566
2567.053697;2567
2568.053639;2568
2569.053617;2569
2570.053602;2570
2571.053534;2571
2572.053684;2572
2573.053619;2573
2574.053574;2574
2575.053542;2575
2576.053649;2576
2577.053654;2577
2578.053732;2578
2579.053716;2579
2580.053806;2580
2581.053784;2581
2582.053756;2582
2583.053759;2583
2584.053837;2584
2585.053932;2585
2586.053793;2586
2587.053756;2587
2588.053983;2588
2589.053962;2589
2590.054686;2590
2591.054443;2591
2592.05401;2592
2593.053742;2593
2594.054608;2594
2595.054076;2595
2596.053795;2596
2597.054519;2597
2598.054239;2598
2599.053846;2599
2600.053938;2600
2601.054047;2601
2602.054024;2602
2603.053869;2603
2604.05397;2604
2605.054069;2605
2606.054056;2606
2607.054047;2607
2608.053998;2608
2609.054121;2609
2610.054077;2610
2611.054189;2611
2612.054033;2612
2613.054151;2613
2614.054128;2614
2615.054349;2615
2616.054193;2616
2617.054161;2617
2618.054269;2618
2619.05425;2619
2620.054333;2620
2621.054322;2621
2622.054293;2622
2623.054277;2623
2624.054244;2624
2625.054352;2625
2626.054322;2626
2627.054423;2627
2628.054268;2628
2629.054363;2629
2630.054373;2630
2631.054447;2631
2632.054551;2632
2633.054539;2633
2634.054542;2634
2635.054485;2635
2636.05459;2636
2637.055818;2637
2638.055786;2638
2639.055902;2639
2640.055747;2640
2641.055862;2641
2642.055948;2642
2643.055919;2643
2644.0559;2644
2645.055875;2645
2646.055966;2646
2647.055942;2647
2648.055919;2648
2649.056028;2649
2650.05549;2650
2651.055343;2651
2652.054957;2652
2653.055799;2653
2654.055406;2654
2655.054908;2655
2656.055734;2656
2657.055481;2657
2658.055195;2658
2659.056046;2659
2660.056008;2660
2661.055982;2661
2662.055956;2662
2663.055944;2663
2664.056153;2664
2665.056133;2665
2666.056136;2666
2667.056215;2667
2668.056198;2668
2669.056167;2669
2670.056271;2670
2671.056142;2671
2672.056227;2672
2673.056205;2673
2674.056169;2674
2675.056144;2675
2676.05638;2676
2677.056362;2677
2678.056331;2678
2679.056312;2679
2680.056409;2680
2681.056397;2681
2682.05639;2682
2683.056352;2683
2684.056428;2684
2685.056638;2685
2686.056639;2686
2687.05651;2687
2688.056472;2688
2689.056696;2689
2690.056601;2690
2691.05654;2691
2692.056499;2692
2693.056665;2693
2694.05683;2694
2695.056674;2695
2696.056779;2696
2697.056628;2697
2698.056765;2698
2699.05672;2699
2700.056799;2700
2701.056774;2701
2702.056759;2702
2703.056856;2703
2704.05685;2704
2705.056943;2705
2706.0569;2706
2707.056884;2707
2708.05698;2708
2709.057103;2709
2710.056433;2710
2711.056173;2711
2712.057013;2712
2713.056743;2713
2714.056375;2714
2715.05718;2715
2716.056792;2716
2717.056389;2717
2718.057249;2718
2719.056841;2719
2720.056818;2720
2721.05704;2721
2722.056914;2722
2723.057009;2723
2724.056972;2724
2725.056955;2725
2726.057055;2726
2727.057152;2727
2728.057003;2728
2729.057123;2729
2730.057222;2730
2731.057069;2731
2732.057159;2732
2733.05713;2733
2734.057231;2734
2735.057215;2735
2736.057324;2736
2737.057292;2737
2738.057266;2738
2739.05737;2739
2740.05734;2740
2741.057325;2741
2742.057303;2742
2743.057414;2743
2744.05737;2744
2745.057345;2745
2746.057453;2746
2747.057438;2747
2748.057571;2748
2749.057371;2749
2750.057471;2750
2751.057574;2751
2752.057542;2752
2753.057654;2753
2754.057503;2754
2755.057478;2755
2756.057592;2756
2757.057556;2757
2758.057536;2758
2759.057758;2759
2760.05761;2760
2761.057832;2761
2762.057808;2762
2763.057799;2763
2764.057781;2764
2765.057865;2765
2766.057839;2766
2767.057836;2767
2768.057808;2768
2769.057779;2769
2770.057524;2770
2771.058223;2771
2772.057947;2772
2773.057547;2773
2774.058524;2774
2775.058003;2775
2776.057728;2776
2777.058577;2777
2778.058308;2778
2779.05778;2779
2780.057898;2780
2781.058;2781
2782.057956;2782
2783.057933;2783
2784.057912;2784
2785.058018;2785
2786.057995;2786
2787.058092;2787
2788.058068;2788
2789.058037;2789
2790.058143;2790
2791.058124;2791
2792.058146;2792
2793.058194;2793
2794.05806;2794
2795.058146;2795
2796.058141;2796
2797.058361;2797
2798.058199;2798
2799.058301;2799
2800.058287;2800
2801.058266;2801
2802.058356;2802
2803.058329;2803
2804.058456;2804
2805.058428;2805
2806.058391;2806
2807.058479;2807
2808.058338;2808
2809.058446;2809
2810.058412;2810
2811.058673;2811
2812.058502;2812
2813.058472;2813
2814.0586;2814
2815.05862;2815
2816.058571;2816
2817.058788;2817
2818.058703;2818
2819.058729;2819
2820.058988;2820
2821.058776;2821
2822.058729;2822
2823.058825;2823
2824.058817;2824
2825.058761;2825
2826.058827;2826
2827.058762;2827
2828.059082;2828
2829.058845;2829
2830.059687;2830
2831.059426;2831
2832.059249;2832
2833.059872;2833
2834.059472;2834
2835.059087;2835
2836.058819;2836
2837.059715;2837
2838.059284;2838
2839.059019;2839
2840.058954;2840
2841.058995;2841
2842.058897;2842
2843.058933;2843
2844.059048;2844
2845.059026;2845
2846.059072;2846
2847.059185;2847
2848.05907;2848
2849.059021;2849
2850.059112;2850
2851.059182;2851
2852.059169;2852
2853.059135;2853
2854.059154;2854
2855.059263;2855
2856.059224;2856
2857.059223;2857
2858.059265;2858
2859.059386;2859
2860.059357;2860
2861.059453;2861
2862.0593;2862
2863.059399;2863
2864.059375;2864
2865.059399;2865
2866.05934;2866
2867.05947;2867
2868.059539;2868
2869.059548;2869
2870.060606;2870
2871.060707;2871
2872.060803;2872
2873.060663;2873
2874.060786;2874
2875.060766;2875
2876.060834;2876
2877.060807;2877
2878.060909;2878
2879.060888;2879
2880.060997;2880
2881.060988;2881
2882.060969;2882
2883.060935;2883
2884.061035;2884
2885.061014;2885
2886.061107;2886
2887.060943;2887
2888.060918;2888
2889.061043;2889
2890.060641;2890
2891.060349;2891
2892.059956;2892
2893.060821;2893
2894.060402;2894
2895.060143;2895
2896.060988;2896
2897.060585;2897
2898.060093;2898
2899.061057;2899
2900.061324;2900
2901.061142;2901
2902.061105;2902
2903.061198;2903
2904.061065;2904
2905.061183;2905
2906.061143;2906
2907.061098;2907
2908.061333;2908
2909.06133;2909
2910.061309;2910
2911.061244;2911
2912.061234;2912
2913.061334;2913
2914.06133;2914
2915.061498;2915
2916.061382;2916
2917.061573;2917
2918.061352;2918
2919.06145;2919
2920.061427;2920
2921.061528;2921
2922.061489;2922
2923.06146;2923
2924.061581;2924
2925.061556;2925
2926.061657;2926
2927.06149;2927
2928.06161;2928
2929.061598;2929
2930.061677;2930
2931.061539;2931
2932.061636;2932
2933.061723;2933
2934.061712;2934
2935.061674;2935
2936.06166;2936
2937.061623;2937
2938.061741;2938
2939.061823;2939
2940.061821;2940
2941.061905;2941
2942.061893;2942
2943.061863;2943
2944.061831;2944
2945.061958;2945
2946.061937;2946
2947.061918;2947
2948.062002;2948
2949.06201;2949
2950.061939;2950
2951.062046;2951
2952.061921;2952
2953.061986;2953
2954.062091;2954
2955.062093;2955
2956.062198;2956
2957.062228;2957
2958.062152;2958
2959.062264;2959
2960.062485;2960
2961.06168;2961
2962.062065;2962
2963.062504;2963
2964.06152;2964
2965.061965;2965
2966.062335;2966
2967.062658;2967
2968.061777;2968
2969.062109;2969
2970.062483;2970
2971.061709;2971
2972.062068;2972
2973.062427;2973
2974.062764;2974
2975.061847;2975
2976.062372;2976
2977.062677;2977
2978.061925;2978
2979.062271;2979
2980.062603;2980
2981.062986;2981
2982.061974;2982
2983.062424;2983
2984.062805;2984
2985.061858;2985
2986.062342;2986
2987.062822;2987
2988.063059;2988
2989.062141;2989
2990.062684;2990
2991.062854;2991
2992.062231;2992
2993.062437;2993
2994.062901;2994
2995.063259;2995
2996.062512;2996
2997.062725;2997
2998.063196;2998
2999.062167;2999
3000.062646;3000
3001.06312;3001
3002.063348;3002
3003.062596;3003
3004.062798;3004
3005.063296;3005
3006.062389;3006
3007.062865;3007
3008.063198;3008
3009.06355;3009
3010.063647;3010
3011.063487;3011
3012.063611;3012
3013.063589;3013
3014.063567;3014
3015.063649;3015
3016.063639;3016
3017.063622;3017
3018.063712;3018
3019.063697;3019
3020.062916;3020
3021.063272;3021
3022.063618;3022
3023.063951;3023
3024.063095;3024
3025.0634;3025
3026.063907;3026
3027.063011;3027
3028.063474;3028
3029.063697;3029
3030.064054;3030
3031.063164;3031
3032.063604;3032
3033.063971;3033
3034.063079;3034
3035.063464;3035
3036.063917;3036
3037.064255;3037
3038.063356;3038
3039.063712;3039
3040.064051;3040
3041.063184;3041
3042.063493;3042
3043.064145;3043
3044.064328;3044
3045.063561;3045
3046.063919;3046
3047.064275;3047
3048.063482;3048
3049.063733;3049
3050.064102;3050
3051.064558;3051
3052.063661;3052
3053.063864;3053
3054.064463;3054
3055.063631;3055
3056.06378;3056
3057.064286;3057
3058.06461;3058
3059.063722;3059
3060.064061;3060
3061.064678;3061
3062.063654;3062
3063.064029;3063
3064.064501;3064
3065.064828;3065
3066.063929;3066
3067.064303;3067
3068.064806;3068
3069.063872;3069
3070.063839;3070
3071.063808;3071
3072.063893;3072
3073.063871;3073
3074.063856;3074
3075.063972;3075
3076.064066;3076
3077.064148;3077
3078.064092;3078
3079.064004;3079
3080.064358;3080
3081.064711;3081
3082.065187;3082
3083.064313;3083
3084.064618;3084
3085.065096;3085
3086.064209;3086
3087.064554;3087
3088.064959;3088
3089.065156;3089
3090.064418;3090
3091.064881;3091
3092.065092;3092
3093.064262;3093
3094.065022;3094
3095.065217;3095
3096.065454;3096
3097.06443;3097
3098.06512;3098
3099.065461;3099
3100.064435;3100
3101.064916;3101
3102.065237;3102
3103.06582;3103
3104.06476;3104
3105.064998;3105
3106.065453;3106
3107.06464;3107
3108.06492;3108
3109.065323;3109
3110.065825;3110
3111.064742;3111
3112.065194;3112
3113.065562;3113
3114.06469;3114
3115.065018;3115
3116.065481;3116
3117.065847;3117
3118.064967;3118
3119.065285;3119
3120.06576;3120
3121.064885;3121
3122.06521;3122
3123.065685;3123
3124.065899;3124
3125.065373;3125
3126.065485;3126
3127.065844;3127
3128.065061;3128
3129.065412;3129
3130.065404;3130
3131.065484;3131
3132.06539;3132
3133.065446;3133
3134.065419;3134
3135.065525;3135
3136.065506;3136
3137.065603;3137
3138.065566;3138
3139.065558;3139
3140.065899;3140
3141.066268;3141
3142.065353;3142
3143.065834;3143
3144.066303;3144
3145.065273;3145
3146.06579;3146
3147.06611;3147
3148.066329;3148
3149.065553;3149
3150.065904;3150
3151.066378;3151
3152.065355;3152
3153.0659;3153
3154.066197;3154
3155.066547;3155
3156.065763;3156
3157.065989;3157
3158.066469;3158
3159.066836;3159
3160.065913;3160
3161.066394;3161
3162.066739;3162
3163.065845;3163
3164.066195;3164
3165.06656;3165
3166.067046;3166
3167.066122;3167
3168.066465;3168
3169.066825;3169
3170.066049;3170
3171.066401;3171
3172.066623;3172
3173.067107;3173
3174.066217;3174
3175.066693;3175
3176.066958;3176
3177.066128;3177
3178.066358;3178
3179.066839;3179
3180.067207;3180
3181.06643;3181
3182.066777;3182
3183.067232;3183
3184.066231;3184
3185.06669;3185
3186.067044;3186
3187.067395;3187
3188.066623;3188
3189.066971;3189
3190.066942;3190
3191.066939;3191
3192.066896;3192
3193.066875;3193
3194.066865;3194
3195.067087;3195
3196.067051;3196
3197.067031;3197
3198.066999;3198
3199.066973;3199
3200.067473;3200
3201.066676;3201
3202.066909;3202
3203.067328;3203
3204.06774;3204
3205.066971;3205
3206.067337;3206
3207.06755;3207
3208.066761;3208
3209.067116;3209
3210.067462;3210
3211.067956;3211
3212.067054;3212
3213.067425;3213
3214.067746;3214
3215.066849;3215
3216.067224;3216
3217.067672;3217
3218.06802;3218
3219.067129;3219
3220.06749;3220
3221.067841;3221
3222.067056;3222
3223.067402;3223
3224.067802;3224
3225.068124;3225
3226.067353;3226
3227.067687;3227
3228.068056;3228
3229.067141;3229
3230.067481;3230
3231.067859;3231
3232.068326;3232
3233.06733;3233
3234.067762;3234
3235.068117;3235
3236.067235;3236
3237.067612;3237
3238.068044;3238
3239.068423;3239
3240.067504;3240
3241.067867;3241
3242.0682;3242
3243.067429;3243
3244.06783;3244
3245.068146;3245
3246.068602;3246
3247.067576;3247
3248.068199;3248
3249.068403;3249
3250.068509;3250
3251.068479;3251
3252.068476;3252
3253.068554;3253
3254.06855;3254
3255.068522;3255
3256.068504;3256
3257.068464;3257
3258.068686;3258
3259.06868;3259
3260.068892;3260
3261.068119;3261
3262.068494;3262
3263.068826;3263
3264.067932;3264
3265.068406;3265
3266.068757;3266
3267.069121;3267
3268.068214;3268
3269.068558;3269
3270.069026;3270
3271.068131;3271
3272.068607;3272
3273.068837;3273
3274.069184;3274
3275.068425;3275
3276.06865;3276
3277.069109;3277
3278.068228;3278
3279.068703;3279
3280.069036;3280
3281.069395;3281
3282.068608;3282
3283.068969;3283
3284.0692;3284
3285.068427;3285
3286.068783;3286
3287.069123;3287
3288.06947;3288
3289.068579;3289
3290.069055;3290
3291.069406;3291
3292.06852;3292
3293.068871;3293
3294.069205;3294
3295.069867;3295
3296.068657;3296
3297.06913;3297
3298.069483;3298
3299.068711;3299
3300.069085;3300
3301.069406;3301
3302.069889;3302
3303.069081;3303
3304.069333;3304
3305.069573;3305
3306.068935;3306
3307.069154;3307
3308.069496;3308
3309.069867;3309
3310.069944;3310
3311.070052;3311
3312.0699;3312
3313.069878;3313
3314.069991;3314
3315.070108;3315
3316.070071;3316
3317.070177;3317
3318.070015;3318
3319.070105;3319
3320.069233;3320
3321.069683;3321
3322.069942;3322
3323.069263;3323
3324.069506;3324
3325.069898;3325
3326.070331;3326
3327.069427;3327
3328.069921;3328
3329.070325;3329
3330.069339;3330
3331.069571;3331
3332.069941;3332
3333.070533;3333
3334.069515;3334
3335.06986;3335
3336.070351;3336
3337.069427;3337
3338.069815;3338
3339.070123;3339
3340.070486;3340
3341.069743;3341
3342.069947;3342
3343.070529;3343
3344.069679;3344
3345.069931;3345
3346.070357;3346
3347.070869;3347
3348.069812;3348
3349.070199;3349
3350.070611;3350
3351.069736;3351
3352.070243;3352
3353.070433;3353
3354.070783;3354
3355.069879;3355
3356.070572;3356
3357.070728;3357
3358.071099;3358
3359.070171;3359
3360.070683;3360
3361.070984;3361
3362.069965;3362
3363.070603;3363
3364.070928;3364
3365.071312;3365
3366.070355;3366
3367.070796;3367
3368.071089;3368
3369.070398;3369
3370.070333;3370
3371.070352;3371
3372.070235;3372
3373.070346;3373
3374.07047;3374
3375.070498;3375
3376.070406;3376
3377.070426;3377
3378.070361;3378
3379.070462;3379
3380.070961;3380
3381.071161;3381
3382.071494;3382
3383.070761;3383
3384.071067;3384
3385.071464;3385
3386.070583;3386
3387.070878;3387
3388.071348;3388
3389.071696;3389
3390.070872;3390
3391.071195;3391
3392.071608;3392
3393.070778;3393
3394.071093;3394
3395.071436;3395
3396.071769;3396
3397.071015;3397
3398.07136;3398
3399.071712;3399
3400.070936;3400
3401.071161;3401
3402.071632;3402
3403.071991;3403
3404.071263;3404
3405.07144;3405
3406.071777;3406
3407.071022;3407
3408.071386;3408
3409.071705;3409
3410.071967;3410
3411.071302;3411
3412.071636;3412
3413.071979;3413
3414.071241;3414
3415.071434;3415
3416.071947;3416
3417.072285;3417
3418.071372;3418
3419.071715;3419
3420.072073;3420
3421.071299;3421
3422.071524;3422
3423.072064;3423
3424.072344;3424
3425.071458;3425
3426.07195;3426
3427.072168;3427
3428.071389;3428
3429.071753;3429
3430.071871;3430
3431.07181;3431
3432.071821;3432
3433.071767;3433
3434.071859;3434
3435.071991;3435
3436.071946;3436
3437.071911;3437
3438.072023;3438
3439.072005;3439
3440.072371;3440
3441.072726;3441
3442.07181;3442
3443.072147;3443
3444.072622;3444
3445.07179;3445
3446.072086;3446
3447.072423;3447
3448.072918;3448
3449.072015;3449
3450.072374;3450
3451.072707;3451
3452.071814;3452
3453.072288;3453
3454.072639;3454
3455.073;3455
3456.072223;3456
3457.072468;3457
3458.072788;3458
3459.072015;3459
3460.07237;3460
3461.072726;3461
3462.073062;3462
3463.072186;3463
3464.07266;3464
3465.072999;3465
3466.072087;3466
3467.072592;3467
3468.072801;3468
3469.073157;3469
3470.072519;3470
3471.072856;3471
3472.073198;3472
3473.072304;3473
3474.072647;3474
3475.07309;3475
3476.073503;3476
3477.07246;3477
3478.072932;3478
3479.07342;3479
3480.072513;3480
3481.072795;3481
3482.073101;3482
3483.073572;3483
3484.072663;3484
3485.07303;3485
3486.073365;3486
3487.072474;3487
3488.072945;3488
3489.073298;3489
3490.073405;3490
3491.073381;3491
3492.073475;3492
3493.073455;3493
3494.073424;3494
3495.073403;3495
3496.073385;3496
3497.073367;3497
3498.073469;3498
3499.073431;3499
3500.073781;3500
3501.073126;3501
3502.073366;3502
3503.073731;3503
3504.074197;3504
3505.07345;3505
3506.073644;3506
3507.074116;3507
3508.073091;3508
3509.07344;3509
3510.073916;3510
3511.074273;3511
3512.073371;3512
3513.073857;3513
3514.074084;3514
3515.073307;3515
3516.07377;3516
3517.074007;3517
3518.074357;3518
3519.073574;3519
3520.073809;3520
3521.074277;3521
3522.073385;3522
3523.07386;3523
3524.074218;3524
3525.074588;3525
3526.073659;3526
3527.074034;3527
3528.074365;3528
3529.073467;3529
3530.073812;3530
3531.074168;3531
3532.074645;3532
3533.073746;3533
3534.074105;3534
3535.074719;3535
3536.073801;3536
3537.074023;3537
3538.07437;3538
3539.074732;3539
3540.073963;3540
3541.074441;3541
3542.074687;3542
3543.07378;3543
3544.074228;3544
3545.074581;3545
3546.074935;3546
3547.074051;3547
3548.074508;3548
3549.07499;3549
3550.074824;3550
3551.074945;3551
3552.074905;3552
3553.075051;3553
3554.074989;3554
3555.074965;3555
3556.074948;3556
3557.074915;3557
3558.07489;3558
3559.075007;3559
3560.074218;3560
3561.074566;3561
3562.074936;3562
3563.075286;3563
3564.074505;3564
3565.074854;3565
3566.07519;3566
3567.074299;3567
3568.074668;3568
3569.074998;3569
3570.075354;3570
3571.074582;3571
3572.074924;3572
3573.075276;3573
3574.074508;3574
3575.074794;3575
3576.075334;3576
3577.075577;3577
3578.074793;3578
3579.075141;3579
3580.07536;3580
3581.074478;3581
3582.074933;3582
3583.075421;3583
3584.075782;3584
3585.074743;3585
3586.075094;3586
3587.075656;3587
3588.074674;3588
3589.07515;3589
3590.075376;3590
3591.075879;3591
3592.074971;3592
3593.075424;3593
3594.07568;3594
3595.076162;3595
3596.075227;3596
3597.075588;3597
3598.075925;3598
3599.075034;3599
3600.075397;3600
3601.075868;3601
3602.076251;3602
3603.075454;3603
3604.075682;3604
3605.076148;3605
3606.07528;3606
3607.075616;3607
3608.076078;3608
3609.076311;3609
3610.07627;3610
3611.076386;3611
3612.076508;3612
3613.076462;3613
3614.076426;3614
3615.076413;3615
3616.076516;3616
3617.076614;3617
3618.076579;3618
3619.07656;3619
3620.0758;3620
3621.076005;3621
3622.076361;3622
3623.075591;3623
3624.075823;3624
3625.076292;3625
3626.07678;3626
3627.07588;3627
3628.076227;3628
3629.076615;3629
3630.075554;3630
3631.07603;3631
3632.076528;3632
3633.076823;3633
3634.075942;3634
3635.076305;3635
3636.076755;3636
3637.075881;3637
3638.076105;3638
3639.076617;3639
3640.076981;3640
3641.076172;3641
3642.076382;3642
3643.076788;3643
3644.075967;3644
3645.076405;3645
3646.076826;3646
3647.077027;3647
3648.076282;3648
3649.07661;3649
3650.077061;3650
3651.076086;3651
3652.076515;3652
3653.076874;3653
3654.077107;3654
3655.076353;3655
3656.076795;3656
3657.077024;3657
3658.076276;3658
3659.076604;3659
3660.076949;3660
3661.077427;3661
3662.07668;3662
3663.076893;3663
3664.077222;3664
3665.076333;3665
3666.076807;3666
3667.077154;3667
3668.077382;3668
3669.076605;3669
3670.076711;3670
3671.076681;3671
3672.076665;3672
3673.076638;3673
3674.076863;3674
3675.076723;3675
3676.076691;3676
3677.076792;3677
3678.076769;3678
3679.076869;3679
3680.077248;3680
3681.077692;3681
3682.076795;3682
3683.077023;3683
3684.077376;3684
3685.077731;3685
3686.07695;3686
3687.077297;3687
3688.077651;3688
3689.076875;3689
3690.077241;3690
3691.077705;3691
3692.078053;3692
3693.077154;3693
3694.077503;3694
3695.077968;3695
3696.076837;3696
3697.077435;3697
3698.077785;3698
3699.078018;3699
3700.077273;3700
3701.077583;3701
3702.078067;3702
3703.078418;3703
3704.077513;3704
3705.077875;3705
3706.078356;3706
3707.077341;3707
3708.077673;3708
3709.078144;3709
3710.078498;3710
3711.077599;3711
3712.07813;3712
3713.078308;3713
3714.077533;3714
3715.077889;3715
3716.078229;3716
3717.078577;3717
3718.07781;3718
3719.078169;3719
3720.078507;3720
3721.077613;3721
3722.078098;3722
3723.078329;3723
3724.078787;3724
3725.077896;3725
3726.078376;3726
3727.07875;3727
3728.077818;3728
3729.07827;3729
3730.078153;3730
3731.078122;3731
3732.078222;3732
3733.078322;3733
3734.078306;3734
3735.078284;3735
3736.078381;3736
3737.078228;3737
3738.078471;3738
3739.078306;3739
3740.078654;3740
3741.079132;3741
3742.078236;3742
3743.078586;3743
3744.078937;3744
3745.078161;3745
3746.078525;3746
3747.078888;3747
3748.079344;3748
3749.078454;3749
3750.078785;3750
3751.079153;3751
3752.078257;3752
3753.078715;3753
3754.079065;3754
3755.079304;3755
3756.078521;3756
3757.078876;3757
3758.079229;3758
3759.078385;3759
3760.078801;3760
3761.0793;3761
3762.079527;3762
3763.078629;3763
3764.079078;3764
3765.079317;3765
3766.078656;3766
3767.078896;3767
3768.079232;3768
3769.079706;3769
3770.078816;3770
3771.079165;3771
3772.079662;3772
3773.078759;3773
3774.079091;3774
3775.079451;3775
3776.079794;3776
3777.079023;3777
3778.079262;3778
3779.079724;3779
3780.078709;3780
3781.079191;3781
3782.079525;3782
3783.080017;3783
3784.079116;3784
3785.079486;3785
3786.079803;3786
3787.079042;3787
3788.07925;3788
3789.079729;3789
3790.079858;3790
3791.07974;3791
3792.079662;3792
3793.079759;3793
3794.079865;3794
3795.07985;3795
3796.079817;3796
3797.079789;3797
3798.079771;3798
3799.08;3799
3800.080217;3800
3801.079335;3801
3802.079953;3802
3803.080152;3803
3804.079243;3804
3805.079615;3805
3806.080075;3806
3807.080305;3807
3808.079565;3808
3809.079874;3809
3810.08036;3810
3811.079458;3811
3812.079689;3812
3813.080155;3813
3814.080511;3814
3815.079764;3815
3816.079962;3816
3817.080571;3817
3818.080788;3818
3819.07989;3819
3820.080362;3820
3821.080717;3821
3822.079689;3822
3823.080177;3823
3824.080643;3824
3825.081007;3825
3826.079973;3826
3827.080445;3827
3828.080925;3828
3829.0799;3829
3830.080373;3830
3831.080725;3831
3832.081206;3832
3833.080176;3833
3834.080573;3834
3835.081136;3835
3836.080109;3836
3837.080457;3837
3838.080929;3838
3839.081277;3839
3840.080383;3840
3841.080746;3841
3842.081089;3842
3843.080194;3843
3844.080554;3844
3845.081043;3845
3846.081363;3846
3847.080481;3847
3848.080834;3848
3849.081332;3849
3850.081331;3850
3851.081265;3851
3852.081278;3852
3853.081251;3853
3854.081298;3854
3855.081309;3855
3856.081443;3856
3857.081542;3857
3858.081377;3858
3859.081505;3859
3860.080656;3860
3861.081004;3861
3862.081252;3862
3863.08161;3863
3864.080859;3864
3865.081175;3865
3866.081532;3866
3867.08062;3867
3868.081152;3868
3869.081455;3869
3870.081792;3870
3871.081053;3871
3872.081242;3872
3873.081723;3873
3874.080847;3874
3875.081204;3875
3876.081525;3876
3877.081999;3877
3878.08098;3878
3879.081709;3879
3880.081805;3880
3881.081048;3881
3882.081391;3882
3883.081733;3883
3884.08209;3884
3885.081193;3885
3886.081661;3886
3887.082028;3887
3888.081123;3888
3889.08136;3889
3890.08181;3890
3891.082167;3891
3892.081276;3892
3893.081764;3893
3894.082124;3894
3895.081232;3895
3896.08169;3896
3897.082071;3897
3898.082434;3898
3899.081643;3899
3900.081826;3900
3901.082422;3901
3902.081399;3902
3903.081771;3903
3904.082111;3904
3905.082554;3905
3906.081584;3906
3907.082035;3907
3908.082428;3908
3909.082839;3909
3910.082723;3910
3911.082752;3911
3912.082705;3912
3913.083006;3913
3914.082878;3914
3915.082892;3915
3916.082945;3916
3917.082843;3917
3918.082917;3918
3919.083044;3919
3920.082176;3920
3921.082462;3921
3922.082808;3922
3923.082138;3923
3924.082475;3924
3925.082606;3925
3926.082953;3926
3927.082196;3927
3928.082582;3928
3929.082888;3929
3930.082144;3930
3931.082592;3931
3932.082851;3932
3933.083179;3933
3934.082361;3934
3935.082837;3935
3936.083111;3936
3937.082116;3937
3938.082528;3938
3939.082914;3939
3940.083276;3940
3941.082664;3941
3942.082859;3942
3943.083191;3943
3944.082292;3944
3945.082749;3945
3946.082999;3946
3947.083478;3947
3948.082579;3948
3949.082907;3949
3950.083384;3950
3951.082398;3951
3952.082731;3952
3953.083384;3953
3954.083537;3954
3955.082662;3955
3956.083131;3956
3957.083583;3957
3958.082467;3958
3959.083068;3959
3960.083395;3960
3961.083781;3961
3962.082863;3962
3963.08321;3963
3964.08369;3964
3965.08281;3965
3966.083143;3966
3967.083499;3967
3968.083957;3968
3969.082965;3969
3970.083046;3970
3971.083014;3971
3972.083008;3972
3973.083105;3973
3974.083096;3974
3975.08309;3975
3976.083039;3976
3977.08314;3977
3978.083097;3978
3979.083205;3979
3980.083473;3980
3981.083978;3981
3982.08426;3982
3983.08336;3983
3984.083831;3984
3985.084284;3985
3986.083284;3986
3987.083799;3987
3988.084123;3988
3989.084351;3989
3990.083771;3990
3991.083794;3991
3992.084401;3992
3993.083366;3993
3994.083827;3994
3995.084313;3995
3996.08443;3996
3997.083766;3997
3998.084168;3998
3999.084352;3999
4000.083572;4000
4001.083924;4001
4002.084419;4002
4003.084638;4003
4004.083712;4004
4005.084197;4005
4006.084565;4006
4007.08364;4007
4008.084119;4008
4009.08453;4009
4010.084886;4010
4011.083933;4011
4012.084266;4012
4013.08465;4013
4014.083852;4014
4015.084084;4015
4016.084567;4016
4017.084919;4017
4018.084025;4018
4019.084491;4019
4020.084836;4020
4021.083962;4021
4022.084284;4022
4023.084649;4023
4024.08514;4024
4025.084229;4025
4026.08476;4026
4027.085055;4027
4028.08403;4028
4029.084514;4029
4030.084599;4030
4031.084579;4031
4032.08445;4032
4033.084411;4033
4034.084509;4034
4035.084605;4035
4036.084764;4036
4037.084689;4037
4038.084662;4038
4039.084643;4039
4040.085002;4040
4041.085347;4041
4042.084426;4042
4043.084797;4043
4044.085267;4044
4045.0845;4045
4046.084826;4046
4047.0852;4047
4048.085551;4048
4049.08465;4049
4050.085;4050
4051.085476;4051
4052.084579;4052
4053.084917;4053
4054.085148;4054
4055.085659;4055
4056.084857;4056
4057.08522;4057
4058.085461;4058
4059.086037;4059
4060.085135;4060
4061.085364;4061
4062.085846;4062
4063.084922;4063
4064.085287;4064
4065.085774;4065
4066.086118;4066
4067.085208;4067
4068.085584;4068
4069.085925;4069
4070.085174;4070
4071.085592;4071
4072.085849;4072
4073.086199;4073
4074.085472;4074
4075.085766;4075
4076.086124;4076
4077.085231;4077
4078.085578;4078
4079.085932;4079
4080.086276;4080
4081.085385;4081
4082.085837;4082
4083.086213;4083
4084.085315;4084
4085.085782;4085
4086.086141;4086
4087.086491;4087
4088.085588;4088
4089.086072;4089
4090.086044;4090
4091.086029;4091
4092.086016;4092
4093.086146;4093
4094.086067;4094
4095.086054;4095
4096.08602;4096
4097.085987;4097
4098.086142;4098
4099.086201;4099
4100.086555;4100
4101.085676;4101
4102.085991;4102
4103.086341;4103
4104.086708;4104
4105.085799;4105
4106.086286;4106
4107.086762;4107
4108.08587;4108
4109.086224;4109
4110.086439;4110
4111.086936;4111
4112.086124;4112
4113.086495;4113
4114.086785;4114
4115.085873;4115
4116.086427;4116
4117.08665;4117
4118.087111;4118
4119.086106;4119
4120.086578;4120
4121.087099;4121
4122.086029;4122
4123.086507;4123
4124.086746;4124
4125.087242;4125
4126.086307;4126
4127.086639;4127
4128.087004;4128
4129.086112;4129
4130.086614;4130
4131.087054;4131
4132.087288;4132
4133.08647;4133
4134.086855;4134
4135.087088;4135
4136.087556;4136
4137.086671;4137
4138.087002;4138
4139.087372;4139
4140.086459;4140
4141.086985;4141
4142.087277;4142
4143.087652;4143
4144.086767;4144
4145.087107;4145
4146.087438;4146
4147.086808;4147
4148.08714;4148
4149.087386;4149
4150.087432;4150
4151.087442;4151
4152.08755;4152
4153.087543;4153
4154.087513;4154
4155.087532;4155
4156.08759;4156
4157.087446;4157
4158.08767;4158
4159.087669;4159
4160.087988;4160
4161.08709;4161
4162.087439;4162
4163.087946;4163
4164.087007;4164
4165.087388;4165
4166.087717;4166
4167.088459;4167
4168.087301;4168
4169.087534;4169
4170.087877;4170
4171.087111;4171
4172.087584;4172
4173.087806;4173
4174.088193;4174
4175.08752;4175
4176.087875;4176
4177.088195;4177
4178.08717;4178
4179.087653;4179
4180.088031;4180
4181.08837;4181
4182.087469;4182
4183.087836;4183
4184.088303;4184
4185.087413;4185
4186.087949;4186
4187.088219;4187
4188.088451;4188
4189.087774;4189
4190.08803;4190
4191.088624;4191
4192.087634;4192
4193.087839;4193
4194.088312;4194
4195.088869;4195
4196.087895;4196
4197.088115;4197
4198.08857;4198
4199.089027;4199
4200.088041;4200
4201.088372;4201
4202.088743;4202
4203.087937;4203
4204.08831;4204
4205.088657;4205
4206.089028;4206
4207.088423;4207
4208.088468;4208
4209.088804;4209
4210.088931;4210
4211.088909;4211
4212.089005;4212
4213.089101;4213
4214.089081;4214
4215.089057;4215
4216.08907;4216
4217.089035;4217
4218.089019;4218
4219.089202;4219
4220.088305;4220
4221.08866;4221
4222.088882;4222
4223.089352;4223
4224.08846;4224
4225.088802;4225
4226.089161;4226
4227.088395;4227
4228.088766;4228
4229.08922;4229
4230.089447;4230
4231.088676;4231
4232.089046;4232
4233.08936;4233
4234.088492;4234
4235.088946;4235
4236.089285;4236
4237.089669;4237
4238.088754;4238
4239.089212;4239
4240.089582;4240
4241.088662;4241
4242.089034;4242
4243.089372;4243
4244.089733;4244
4245.088954;4245
4246.089305;4246
4247.089662;4247
4248.088769;4248
4249.08912;4249
4250.089461;4250
4251.089816;4251
4252.089149;4252
4253.089277;4253
4254.089874;4254
4255.088844;4255
4256.08932;4256
4257.089681;4257
4258.090026;4258
4259.08925;4259
4260.089471;4260
4261.089955;4261
4262.088937;4262
4263.089416;4263
4264.089801;4264
4265.090246;4265
4266.089332;4266
4267.089685;4267
4268.090043;4268
4269.089118;4269
4270.089115;4270
4271.089092;4271
4272.089316;4272
4273.089302;4273
4274.089245;4274
4275.089375;4275
4276.089333;4276
4277.089189;4277
4278.090669;4278
4279.090544;4279
4280.089624;4280
4281.090082;4281
4282.090464;4282
4283.089674;4283
4284.090041;4284
4285.09039;4285
4286.090778;4286
4287.089832;4287
4288.090302;4288
4289.090654;4289
4290.089741;4290
4291.090082;4291
4292.090456;4292
4293.090808;4293
4294.089912;4294
4295.090266;4295
4296.090739;4296
4297.089963;4297
4298.090319;4298
4299.090682;4299
4300.091018;4300
4301.090246;4301
4302.090534;4302
4303.090947;4303
4304.090051;4304
4305.090397;4305
4306.090763;4306
4307.091101;4307
4308.090323;4308
4309.090554;4309
4310.091027;4310
4311.09015;4311
4312.090479;4312
4313.09098;4313
4314.091306;4314
4315.090546;4315
4316.09088;4316
4317.091234;4317
4318.090336;4318
4319.090687;4319
4320.091046;4320
4321.091385;4321
4322.090521;4322
4323.090845;4323
4324.091314;4324
4325.090414;4325
4326.090892;4326
4327.091121;4327
4328.091458;4328
4329.090698;4329
4330.090677;4330
4331.090656;4331
4332.09077;4332
4333.090724;4333
4334.090707;4334
4335.090816;4335
4336.090955;4336
4337.090798;4337
4338.090979;4338
4339.090842;4339
4340.091295;4340
4341.091536;4341
4342.090647;4342
4343.091236;4343
4344.0916;4344
4345.091948;4345
4346.091066;4346
4347.091384;4347
4348.091743;4348
4349.090837;4349
4350.091317;4350
4351.091789;4351
4352.092005;4352
4353.091123;4353
4354.091475;4354
4355.091937;4355
4356.091052;4356
4357.09154;4357
4358.091752;4358
4359.092243;4359
4360.091332;4360
4361.091707;4361
4362.09203;4362
4363.091134;4363
4364.091612;4364
4365.091978;4365
4366.092315;4366
4367.09141;4367
4368.09177;4368
4369.092381;4369
4370.091476;4370
4371.091816;4371
4372.0921;4372
4373.092522;4373
4374.091625;4374
4375.091964;4375
4376.092525;4376
4377.09156;4377
4378.091909;4378
4379.092249;4379
4380.092507;4380
4381.091828;4381
4382.092173;4382
4383.092549;4383
4384.091666;4384
4385.091969;4385
4386.092334;4386
4387.092741;4387
4388.091935;4388
4389.092285;4389
4390.092358;4390
4391.092332;4391
4392.092539;4392
4393.092513;4393
4394.092301;4394
4395.092504;4395
4396.092477;4396
4397.092444;4397
4398.092429;4398
4399.092527;4399
4400.092875;4400
4401.091972;4401
4402.092357;4402
4403.092803;4403
4404.093033;4404
4405.092137;4405
4406.092605;4406
4407.092954;4407
4408.092053;4408
4409.092403;4409
4410.092765;4410
4411.093225;4411
4412.092442;4412
4413.092828;4413
4414.093164;4414
4415.092251;4415
4416.092475;4416
4417.092964;4417
4418.093318;4418
4419.092543;4419
4420.093091;4420
4421.093248;4421
4422.093582;4422
4423.0927;4423
4424.093176;4424
4425.09341;4425
4426.092605;4426
4427.093098;4427
4428.093341;4428
4429.093806;4429
4430.092889;4430
4431.093248;4431
4432.093747;4432
4433.092838;4433
4434.093162;4434
4435.093562;4435
4436.093928;4436
4437.092998;4437
4438.093339;4438
4439.093692;4439
4440.092916;4440
4441.093268;4441
4442.093616;4442
4443.094088;4443
4444.093193;4444
4445.093664;4445
4446.093768;4446
4447.092997;4447
4448.093481;4448
4449.09383;4449
4450.093975;4450
4451.093825;4451
4452.093896;4452
4453.093864;4453
4454.093973;4454
4455.093856;4455
4456.094055;4456
4457.093921;4457
4458.093995;4458
4459.094005;4459
4460.094598;4460
4461.093591;4461
4462.093916;4462
4463.094227;4463
4464.093393;4464
4465.0937;4465
4466.094373;4466
4467.094808;4467
4468.093603;4468
4469.094107;4469
4470.094627;4470
4471.093597;4471
4472.093907;4472
4473.094382;4473
4474.094591;4474
4475.093836;4475
4476.094349;4476
4477.094641;4477
4478.09365;4478
4479.094121;4479
4480.094359;4480
4481.094807;4481
4482.093934;4482
4483.094456;4483
4484.094754;4484
4485.093798;4485
4486.09421;4486
4487.09454;4487
4488.094896;4488
4489.094004;4489
4490.094453;4490
4491.094827;4491
4492.094048;4492
4493.094387;4493
4494.094738;4494
4495.095093;4495
4496.094323;4496
4497.094709;4497
4498.095014;4498
4499.094244;4499
4500.094516;4500
4501.094831;4501
4502.095306;4502
4503.094415;4503
4504.094882;4504
4505.095235;4505
4506.094194;4506
4507.094693;4507
4508.09505;4508
4509.095395;4509
4510.095364;4510
4511.095462;4511
4512.09557;4512
4513.095421;4513
4514.095402;4514
4515.095492;4515
4516.095476;4516
4517.095571;4517
4518.095542;4518
4519.095652;4519
4520.094753;4520
4521.095129;4521
4522.095455;4522
4523.094561;4523
4524.095033;4524
4525.09525;4525
4526.095871;4526
4527.094982;4527
4528.095318;4528
4529.095656;4529
4530.094872;4530
4531.095107;4531
4532.095476;4532
4533.095821;4533
4534.095044;4534
4535.095382;4535
4536.095737;4536
4537.094976;4537
4538.095324;4538
4539.095807;4539
4540.09604;4540
4541.095239;4541
4542.095625;4542
4543.095956;4543
4544.095087;4544
4545.095521;4545
4546.095766;4546
4547.096109;4547
4548.095342;4548
4549.09567;4549
4550.096027;4550
4551.095164;4551
4552.095604;4552
4553.095959;4553
4554.096322;4554
4555.095643;4555
4556.095926;4556
4557.096244;4557
4558.095347;4558
4559.095812;4559
4560.096043;4560
4561.096771;4561
4562.095743;4562
4563.09597;4563
4564.096322;4564
4565.095427;4565
4566.095915;4566
4567.096257;4567
4568.096606;4568
4569.095708;4569
4570.095821;4570
4571.095787;4571
4572.095866;4572
4573.09586;4573
4574.095958;4574
4575.09582;4575
4576.095915;4576
4577.09589;4577
4578.095983;4578
4579.096096;4579
4580.0963;4580
4581.096816;4581
4582.095776;4582
4583.096357;4583
4584.096604;4584
4585.096958;4585
4586.096208;4586
4587.09651;4587
4588.096878;4588
4589.096154;4589
4590.096457;4590
4591.096808;4591
4592.097161;4592
4593.096249;4593
4594.096603;4594
4595.097241;4595
4596.096181;4596
4597.096524;4597
4598.097007;4598
4599.097362;4599
4600.096572;4600
4601.096828;4601
4602.097163;4602
4603.096384;4603
4604.096737;4604
4605.097107;4605
4606.097616;4606
4607.096672;4607
4608.097014;4608
4609.097357;4609
4610.0966;4610
4611.096837;4611
4612.097301;4612
4613.097649;4613
4614.096734;4614
4615.097222;4615
4616.097576;4616
4617.096696;4617
4618.097035;4618
4619.097494;4619
4620.097736;4620
4621.097086;4621
4622.097314;4622
4623.097851;4623
4624.096771;4624
4625.097236;4625
4626.097593;4626
4627.096688;4627
4628.097167;4628
4629.097528;4629
4630.097501;4630
4631.097474;4631
4632.097576;4632
4633.097548;4633
4634.097736;4634
4635.09765;4635
4636.09776;4636
4637.097682;4637
4638.097676;4638
4639.097656;4639
4640.098035;4640
4641.097254;4641
4642.097581;4642
4643.098122;4643
4644.09716;4644
4645.097523;4645
4646.09786;4646
4647.098346;4647
4648.09744;4648
4649.097789;4649
4650.098143;4650
4651.097316;4651
4652.097606;4652
4653.097947;4653
4654.098423;4654
4655.097521;4655
4656.097999;4656
4657.098349;4657
4658.097446;4658
4659.097674;4659
4660.098293;4660
4661.098629;4661
4662.0979;4662
4663.098135;4663
4664.098432;4664
4665.097661;4665
4666.09802;4666
4667.098376;4667
4668.098819;4668
4669.097808;4669
4670.098294;4670
4671.098642;4671
4672.097738;4672
4673.098093;4673
4674.098562;4674
4675.098789;4675
4676.098021;4676
4677.098367;4677
4678.098717;4678
4679.097955;4679
4680.098299;4680
4681.098663;4681
4682.099123;4682
4683.098092;4683
4684.098437;4684
4685.099007;4685
4686.09817;4686
4687.098376;4687
4688.098731;4688
4689.099193;4689
4690.099189;4690
4691.099153;4691
4692.099229;4692
4693.099099;4693
4694.099351;4694
4695.099193;4695
4696.099349;4696
4697.099232;4697