Actual Time;Measured Time;Delta;EMA;PPM
1.000931414;1;-0.0009314140000000748;-0.0009314140000000748;None
2.00068789;2;-0.0006878900000000243;-0.0009070616000000698;24.35833183840722
3.0003987600000004;3;-0.0003987600000003866;-0.0008562314400001016;37.60119355100821
4.000262527;4;-0.00026252700000028995;-0.0007968609960001205;45.4595059929491
4.999845057;5;0.000154943000000074;-0.0007016805964001011;56.98127310020462
6.000845464999999;6;-0.0008454649999993791;-0.000716059036760029;50.06807112705335
7.000548149;7;-0.0005481490000001088;-0.0006992680330840369;44.03620448753978
8.000273928;8;-0.00027392800000036743;-0.00065673402977567;41.399107905494965
9.000018126;9;-1.8126000000506792e-05;-0.0005928732267981537;41.66667545221095
9.999851781;10;0.00014821899999972743;-0.0005187640041183656;43.5729491770016
11.000703969;11;-0.0007039689999999155;-0.0005372845037065206;41.78832888709223
12.000410454;12;-0.0004104540000007262;-0.0005246014533359411;39.63985604276658
13.000280068;13;-0.00028006800000035525;-0.0005001481080023826;37.84088653966013
13.999883354;14;0.00011664600000038661;-0.0004384686972021057;37.39168868312663
15.000969127;15;-0.0009691269999994034;-0.0004915345274818355;34.83696171111512
16.000592001;16;-0.0005920010000011189;-0.0005015811747337639;32.13791721123134
17.000353738999998;17;-0.0003537389999976881;-0.00048679695726015635;29.945595329553374
18.000033328;18;-3.332800000066527e-05;-0.0004414500615342072;28.677525872201077
18.999762323;19;0.00023767700000121295;-0.00037353735538066523;28.389465171578777
20.000370695;20;-0.00037069500000086464;-0.0003732531198426852;27.77781107402481
21.000843418000002;21;-0.0008434180000023161;-0.0004202696078586483;26.353430506253662
22.000178331;22;-0.0001783310000007532;-0.0003960757470728588;25.258423548149604
23.000774717;23;-0.0007747169999987591;-0.0004339398723654488;23.738920182053178
23.999999707999997;24;2.9200000284390626e-07;-0.00039051668512861957;22.76601077565806
25.000484710000002;25;-0.0004847100000020532;-0.00039993601661596293;21.711401265151444
25.999967841999997;26;3.215800000333502e-05;-0.00035672661495403314;21.06600485667273
27.000197917999998;27;-0.0001979179999977987;-0.0003408457534584097;20.512581708005218
28.000744898;28;-0.00074489800000066;-0.00038125097811263475;19.619324203681945
29.000137110000004;29;-0.0001371100000042702;-0.00035683688030179833;18.931742965665862
29.999876923000002;30;0.00012307699999780652;-0.00030884549227183785;18.560321722806474
31.000859497;31;-0.0008594970000004309;-0.0003639106430446972;17.810831653068195
32.000567444000005;32;-0.0005674440000049685;-0.00038426397874072435;16.97655698377848
33.000258142;33;-0.0002581419999998502;-0.00037165178086663695;16.26175050033831
34.000033035;34;-3.303500000129134e-05;-0.00033779010278010244;15.754640624464983
34.999745952000005;35;0.0002540479999950662;-0.0002786062925025856;15.536460443736722
36.000571829;36;-0.0005718290000018555;-0.0003079285632525126;15.150539860509447
37.000453136000004;37;-0.000453136000004406;-0.000322449306927702;14.697296967033841
38.000189733;38;-0.00018973299999913706;-0.0003091776762348455;14.306198466163162
38.999916682;39;8.33180000014977e-05;-0.0002699281086112112;14.068214205926488
40.000851604000005;40;-0.0008516040000046132;-0.0003280956977505514;13.599842545792868
41.000511898;41;-0.000511897999999178;-0.0003464759279754141;13.085344652558819
42.000343507000004;42;-0.0003435070000037399;-0.00034617903517824666;12.598453092626094
42.999904111;43;9.588900000068179e-05;-0.00030197223166035384;12.276673740594788
43.999825470000005;44;0.00017452999999534313;-0.00025432200849478416;12.104016698295316
45.000747236;45;-0.0007472360000022604;-0.0003036134076455318;11.775378717008646
46.000497865;46;-0.0004978649999998197;-0.0003230385668809606;11.401206159913281
47.000168684;47;-0.0001686840000019174;-0.0003076031101930563;11.083554380305237
48.000084488;48;-8.448799999882795e-05;-0.0002852915991736334;10.832633950667333
49.000915335;49;-0.00091533500000196;-0.0003482959392564661;10.430350058962432
50.000691983;50;-0.0006919830000029492;-0.0003826646453311144;9.969046735006945
51.000349354;51;-0.0003493540000008011;-0.00037933358079808306;9.544923234700576
52.000185348;52;-0.00018534800000225005;-0.00035993502271849975;9.189347943807926
52.99979682;53;0.00020317999999974745;-0.000303623520446675;8.971333780543869
54.000662456;54;-0.0006624560000005886;-0.00033950676840206637;8.686023650785007
55.000506636000004;55;-0.0005066360000043346;-0.0003562196915622932;8.38125259053845
56.000231538;56;-0.00023153800000130786;-0.0003437515224061947;8.115679202135968
56.999938608;57;6.13919999992163e-05;-0.0003032371701656536;7.935902460083823
57.999596855;58;0.00040314499999993814;-0.00023259895314909444;7.884036543465937
59.000810091000005;59;-0.0008100910000052863;-0.0002903481578347136;7.726006000754625
60.000433257000005;60;-0.0004332570000045166;-0.00030463904205169394;7.547173859496062
60.999940362000004;61;5.963799999619823e-05;-0.0002682113378469047;7.431190304640383
61.999857043000006;62;0.00014295699999422595;-0.00022709450406279165;7.377819587928797
63.00083318600001;63;-0.000833186000008368;-0.0002877036536573493;7.228187568663825
64.000514821;64;-0.0005148209999958908;-0.0003104153882912035;7.048974023171642
65.000266327;65;-0.00026632700000561726;-0.00030600654946264487;6.88211331335704
65.99999532300001;66;4.676999992625497e-06;-0.00027493819451711787;6.762789567890945
66.999693037;67;0.0003069629999998824;-0.00021674807506541784;6.721566713475051
68.00071858700001;68;-0.000718587000008597;-0.00026693196755973576;6.6110954381211
69.000306671;69;-0.00030667100000414393;-0.0002709058708041766;6.496811551072444
70.000170438;70;-0.00017043799999783005;-0.00026085908372354194;6.396334648217696
70.999716425;71;0.00028357499999742686;-0.00020641567535144506;6.3605099851482825
72.000838448;72;-0.0008384479999961059;-0.00026961890781591115;6.248167565068206
73.000620066;73;-0.0006200659999961999;-0.00030466361703394005;6.098947097269053
74.000287084;74;-0.00028708400000709844;-0.0003029056553312559;5.95681356787334
75.000012571;75;-1.2570999999184096e-05;-0.00027387218979804873;5.850045218921709
75.999760861;76;0.0002391390000013871;-0.00022257107081810517;5.7980891066576055
77.000582353;77;-0.0005823529999986476;-0.00025854926373615944;5.708336884501143
78.00036134;78;-0.00036133999999776734;-0.00026882833736232024;5.609748511500591
79.000220721;79;-0.00022072100000514183;-0.00026401760362660244;5.517703207696118
80.000671811;80;-0.0006718110000036859;-0.0003047969432643108;5.38951949172945
81.000073671;81;-7.367099999555649e-05;-0.0002816843489374354;5.2866139943680315
82.000387651;82;-0.00038765099999693575;-0.00029228101404338546;5.177052141310028
82.999746536;83;0.00025346399999648384;-0.00023770651263939853;5.1177365229957985
84.000286499;84;-0.00028649899999777517;-0.0002425857613752362;5.054154096512756
84.999656494;85;0.000343505999992999;-0.0001839765852384127;5.038916057557603
86.000031574;86;-3.1574000004752634e-05;-0.00016873632671504668;5.032895735124775
87.000631175;87;-0.0006311749999952099;-0.000214980194043063;4.987092692762599
87.999817576;88;0.00018242400000190173;-0.00017523977463856656;4.97097026011183
89.000435596;89;-0.0004355960000026471;-0.0002012753971749746;4.932681969158416
90.00007718;90;-7.718000000522807e-05;-0.00018886585745799995;4.902369272234417
90.999977782;91;2.2217999998019877e-05;-0.00016775747171239797;4.885626580211071
91.99962989000001;92;0.00037010999999154137;-0.00011397072454200403;4.904245831429519
93.00064374600001;93;-0.0006437460000086048;-0.0001669482520886641;4.8819591797434105
94.00033532100001;94;-0.00033532100000854825;-0.00018378552688065255;4.846473225720966
95.000062855;95;-6.285499999592048e-05;-0.00017169247419217935;4.817950349292974
95.999908788;96;9.121200000095087e-05;-0.00014540202677286633;4.805009283500897
97.00065339300001;97;-0.0006533930000074406;-0.00019620112409632375;4.757753262835634
98.000504589;98;-0.0005045890000019426;-0.00022703991168688566;4.691318511012676
99.000241478;99;-0.000241478000006623;-0.00022848372051885942;4.625112425988315
100.000065778;100;-6.57780000068442e-05;-0.0002122131484676579;4.569718836959982
100.99968689800001;101;0.00031310199999268207;-0.0001596816336216239;4.5454860858076716
102.000654563;102;-0.0006545629999976654;-0.00020916977025922805;4.491789075899308
103.000350815;103;-0.0003508150000044452;-0.00022333429323374975;4.430711181377563
104.000090335;104;-9.033499999588912e-05;-0.0002100343639099637;4.377964023318167
104.999840379;105;0.0001596209999945586;-0.00017306882751951148;4.345742278130918
105.99957171300001;106;0.0004282869999912009;-0.00011293324476844023;4.344824043229005
107.000527977;107;-0.0005279770000043982;-0.00015443762029203602;4.320148541960765
108.000239432;108;-0.00023943200000076104;-0.00016293705826290854;4.290285557485983
108.999870199;109;0.00012980099999992945;-0.00013366325243662476;4.274539647084416
109.999718179;110;0.0002818210000015142;-9.211482719281086e-05;4.277953799490459
111.00068292;111;-0.0006829200000026958;-0.00015119534447379938;4.250605970452986
112.000554873;112;-0.000554872999998679;-0.00019156311002628735;4.203544584729269
113.000120154;113;-0.00012015400000109366;-0.00018442219902376798;4.160307538253737
113.999859382;114;0.0001406180000032009;-0.0001519181791210711;4.132279139477927
114.999437234;115;0.0005627660000016022;-8.044976120880377e-05;4.135974678066641
116.000442612;116;-0.0004426120000005085;-0.00011666598508797424;4.1216412446350645
117.000292931;117;-0.0002929310000041596;-0.00013429248657959277;4.098579053919912
118.000026604;118;-2.660399999854235e-05;-0.00012352363792148772;4.079520515349902
118.999740105;119;0.0002598949999992328;-8.518177412941566e-05;4.075803359559371
120.000606618;120;-0.000606618000006165;-0.0001373253967170906;4.049036061296859
121.000329474;121;-0.0003294739999972762;-0.00015654025704510914;4.014119255568367
122.00001988;122;-1.987999999641943e-05;-0.00014287423134024018;3.984751639473759
122.99975852200001;123;0.00024147799999241215;-0.00010443900820697496;3.9703464664629347
123.999492488;124;0.0005075119999986555;-4.324390738641192e-05;3.978778990162562
125.000438227;125;-0.00043822700000362147;-8.274221664813288e-05;3.970249030527546
126.000151143;126;-0.00015114299999652303;-8.95822949829719e-05;3.9580659493395336
126.99993129900001;127;6.87009999893462e-05;-7.375396548574009e-05;3.9508310641323434
127.999677543;128;0.00032245699999577937;-3.413286893758814e-05;3.9568919813693824
129.000632344;129;-0.0006323439999960101;-9.395398204343034e-05;3.939855202849242
130.000432965;130;-0.00043296499998746185;-0.0001278550838378335;3.9102608620367536
131.00021428999997;131;-0.00021428999997397113;-0.00013649857545144727;3.877645915948249
131.999826639;132;0.00017336100000875376;-0.00010551261790542717;3.855756487380885
132.999652986;133;0.00034701399999903515;-6.0259956114980943e-05;3.8487768199282186
134.00046015299998;134;-0.00046015299997748116;-0.00010024926050123097;3.8275638177746574
135.000346138;135;-0.00034613799999760886;-0.00012483813445086876;3.797993460568347
135.999989476;136;1.0524000003897527e-05;-0.00011130192100539213;3.7728451918504873
136.999767878;137;0.00023212199999989025;-7.69595289048639e-05;3.7584842022015392
138.000658948;138;-0.0006589479999945524;-0.00013515837601383275;3.7253573500509107
139.00039408299997;139;-0.0003940829999748985;-0.00016105083840993933;3.6845084831387163
139.999703561;140;0.00029643900001019574;-0.00011530185456792584;3.6581721270252943
141.000202304;141;-0.00020230399999832116;-0.0001240020691109654;3.6292364929820358
141.999555634;142;0.000444366000010632;-6.716526219880565e-05;3.6172289878616706
142.999931299;143;6.870100000355706e-05;-5.3578635978569376e-05;3.6086226730678534
144.000583815;144;-0.0005838149999988218;-0.00010660227238059462;3.5840954634616913
144.99983043999998;145;0.00016956000001755456;-7.89860451407797e-05;3.5673814662432117
146.00038005;146;-0.0003800499999897511;-0.00010909244062567685;3.541930295733872
146.999785418;147;0.00021458200001234218;-7.672499656187495e-05;3.525454353687666
148.0002941;148;-0.000294099999990749;-9.846249690476235e-05;3.5027631028416755
148.99966877199998;149;0.00033122800002161057;-5.549344721212506e-05;3.4915691289700184
150.00063146699998;150;-0.0006314669999767375;-0.00011309080248858631;3.46463329620099
151.000069871;151;-6.987099999378188e-05;-0.00010876882223910586;3.438978513997123
152.000078057;152;-7.805699999607896e-05;-0.00010569764001480317;3.414228281897888
152.99970209999998;153;0.0002979000000209453;-6.533787601122833e-05;3.3998445432012865
154.000603695;154;-0.0006036949999952412;-0.00011917358840962963;3.371626093164884
155.00037274099998;155;-0.0003727409999783049;-0.00014453032956649717;3.3373575824840995
155.999995615;156;4.385000011097873e-06;-0.00012963879660873767;3.307221296454607
156.999639538;157;0.000360462000003281;-8.06287169475358e-05;3.2892769823600934
157.99954978699998;158;0.000450213000021904;-2.7544545250591828e-05;3.283898301535453
159.000397006;159;-0.0003970059999858222;-6.449069072411487e-05;3.2692310573677763
160.00013769499998;160;-0.00013769499997806633;-7.181112164951001e-05;3.2526407041790026
160.99991346599998;161;8.653400001890077e-05;-5.597660948266893e-05;3.239555586824625
161.999703561;162;0.00029643900001019574;-2.0735048533382466e-05;3.234220860132842
163.000696953;163;-0.0006969529999878432;-8.835684367882853e-05;3.213175520585041
164.000344091;164;-0.00034409099998811143;-0.00011393025930975684;3.1865082752175375
165.000116062;165;-0.00011606199998936972;-0.00011414343337771813;3.1600545696633358
165.999845349;166;0.00015465100000255916;-8.72639900396904e-05;3.139679533846977
166.99956703599997;167;0.00043296400002645896;-3.5241191033075464e-05;3.130482079130262
168.000411916;168;-0.0004119159999902422;-7.290867192879215e-05;3.1129867931266038
169.000159621;169;-0.0001596209999945586;-8.157990473536879e-05;3.09364451620036
169.99988978599998;170;0.0001102140000170948;-6.240051426012244e-05;3.078297228347651
170.999587792;171;0.00041220800000019153;-1.4939662834091048e-05;3.072536362253004
171.999461207;172;0.0005387930000040342;4.043360344972148e-05;3.077520095968904
173.000285037;173;-0.000285036999997601;7.88654310498923e-06;3.075231698133737
174.00012629399998;174;-0.00012629399998331792;-5.531511203841485e-06;3.0697714886005634
174.999764369;175;0.00023563100000956183;1.8584739917498846e-05;3.0685965592843636
175.999506228;176;0.0004937719999986712;6.610346592561608e-05;3.0760226348152098
177.00059726299997;177;-0.0005972629999746459;-2.3318066441012478e-07;3.06998019248657
178.00030550199997;178;-0.000305501999974922;-3.0760062595461316e-05;3.057812610550331
178.999963749;179;3.6251000011588985e-05;-2.4058956334756285e-05;3.0467270443137457
179.999640707;180;0.00035929300000248077;1.4276239298967425e-05;3.042505919205529
180.999312695;181;0.0006873050000137937;8.157911537045005e-05;3.0501275964532315
182.00032421199998;182;-0.0003242119999811166;4.1000003835293384e-05;3.04964052611349
183.00007308699998;183;-7.308699997565782e-05;2.959130345419826e-05;3.0465930547094753
183.999813191;184;0.0001868090000129996;4.5313073110078394e-05;3.0458781999101667
184.999590716;185;0.0004092839999998432;8.171016579905488e-05;3.0510017729356744
186.00051803699998;186;-0.0005180369999777668;2.1735449221372714e-05;3.0450891812313547
187.00023797;187;-0.00023797000000058688;-4.235095700823245e-06;3.0344123822233713
187.999916682;188;8.331800000860312e-05;4.520213870119393e-06;3.0250389702901184
188.999710578;189;0.0002894220000086989;3.301039248397734e-05;3.020214943328262
189.999440742;190;0.0005592580000097769;8.56351532365573e-05;3.023743139580588
191.000407823;191;-0.00040782299998909366;3.62893379139922e-05;3.018592834280868
192.000065778;192;-6.577799999263334e-05;2.6082604123329648e-05;3.0114605801321765
192.999719933;193;0.0002800670000056016;5.1481043711556846e-05;3.0081354249732963
193.999592762;194;0.0004072380000081921;8.705673934122037e-05;3.010077467805563
195.000489972;195;-0.0004899719999968966;2.935386540740868e-05;3.002428806997073
196.000161083;196;-0.00016108299999473275;1.0310178867194539e-05;2.9915862844123016
196.999883646;197;0.00011635399999931906;2.091456098040699e-05;2.9822418343139256
197.99955651099998;198;0.0004434890000197811;6.31720048843444e-05;2.9791585635493845
198.999447759;199;0.00055224100000828;0.00011207890439673797;2.983091141174763
199.99994913199998;200;5.086800001663505e-05;0.00010595781395872768;2.985547875259976
201.00041367;201;-0.0004136700000003657;5.399503256281835e-05;2.979811704245586
201.999728995;202;0.0002710050000018782;7.569602930672434e-05;2.9769838589344917
203.00032888899997;203;-0.0003288889999737421;3.523752637867769e-05;2.9679452870833902
203.99959890199997;204;0.00040109800002596785;7.18235737434067e-05;2.9639935895435743
205.000003801;205;-3.8009999911992054e-06;6.426111636994611e-05;2.958660648989155
205.999555927;206;0.00044407300001125805;0.0001022423047340773;2.958409631508777
207.000104075;207;-0.00010407499999587344;8.161057426108224e-05;2.954878212285441
208.000443781;208;-0.0004437810000013087;2.9071416834843138e-05;2.9437882003851925
208.999707947;209;0.00029205300000967327;5.5369575152326154e-05;2.936206572977449
209.999576976;210;0.0004230240000140384;9.213501763849738e-05;2.933420370651488
211.000544933;211;-0.0005449329999862584;2.8428215876021804e-05;2.921773571947519
212.00012454;212;-0.00012454000000161614;1.3131394288258012e-05;2.9080327512135553
212.999998246;213;1.754000010123491e-06;1.199365486044456e-05;2.894142893347954
213.99958983899998;214;0.0004101610000191158;5.181038937631169e-05;2.8854539931670202
214.99925831899998;215;0.000741681000022254;0.00012079745044090594;2.8855457051611078
216.000420978;216;-0.00042097799999396557;6.661990539741879e-05;2.8783298689468664
217.000032743;217;-3.2742999991342e-05;5.668361485854271e-05;2.869686553883474
217.99975062899998;218;0.000249371000023757;7.595235337506414e-05;2.863340040372949
218.99943781899998;219;0.0005621810000207006;0.00012457521803962778;2.862864512562034
220.000447582;220;-0.0004475819999925079;6.735949623641421e-05;2.8549873620839894
221.000185932;221;-0.000185931999993727;4.2030346613400094e-05;2.8438754809523985
221.99998450599998;222;1.5494000024318666e-05;3.9376711954491954e-05;2.832395031431151
222.99951675199998;223;0.00048324800002319535;8.37638407613623e-05;2.82621227486522
223.999484887;224;0.0005151130000058401;0.00012689875668581008;2.824992316515595
225.000267789;225;-0.00026778899999158057;8.742998101807101e-05;2.818813889264822
226.00005233;226;-5.23299999883875e-05;7.345398291742516e-05;2.810833892822537
226.99977693999998;227;0.0002230600000245886;8.841458462814151e-05;2.8044715872895534
227.999508274;228;0.00049172600000702;0.00012874572616602937;2.802587764369703
229.000433257;229;-0.0004332569999974112;7.254545354968531e-05;2.7940310922510783
230.000208735;230;-0.00020873500000107015;4.4417408194609765e-05;2.782203729153289
230.999797404;231;0.0002025960000082705;6.023526737597585e-05;2.772140527165555
231.999616735;232;0.00038326500001062414;9.253824063944068e-05;2.7656132210925217
232.999320004;233;0.0006799960000023475;0.00015128401657573136;2.7654131214536593
234.00030871799999;234;-0.00030871799998521965;0.00010528381491963626;2.759896923679773
234.99996608799998;235;3.391200002056394e-05;9.814663342972903e-05;2.7534497606503963
235.999668188;236;0.0003318120000130875;0.00012151317008806488;2.749376460628733
236.99940858399998;237;0.0005914160000202173;0.00016850345308128015;2.750111471851387
238.00051657499998;238;-0.0005165749999775926;9.999560777539286e-05;2.743311336876895
239.000211659;239;-0.00021165900000141846;6.883014699771172e-05;2.7331336388899543
239.999982459;240;1.754100000539438e-05;6.370123229847999e-05;2.722392788972408
240.99957522199998;241;0.0004247780000241619;9.980890907104818e-05;2.7153518671694434
241.99938227299998;242;0.0006177270000193857;0.00015160071816588196;2.7134914231930116
243.000287376;243;-0.00028737599998862606;0.00010770304635043115;2.706959475388206
244.00000993999998;244;-9.93999998399886e-06;9.593874171698815e-05;2.6991344715336245
244.99973367299998;245;0.0002663270000198281;0.00011297756754727214;2.6929271810199054
245.999410923;246;0.0005890770000007706;0.000160587510792622;2.6913055300483513
246.999320004;247;0.0006799960000023475;0.00021252835971359455;2.694546942518181
248.000289423;248;-0.0002894229999981235;0.00016233322374242275;2.692571391740667
248.999840964;249;0.00015903600001365703;0.00016200350136954617;2.6903518811806286
249.999652401;250;0.0003475990000083584;0.0001805630512334274;2.689702641042849
250.999341637;251;0.0006583630000136509;0.00022834304611144977;2.6933460768632527
252.000435888;252;-0.00043588799999838557;0.00016191994150046625;2.6903986912076716
253.000124832;253;-0.00012483200001156547;0.0001332447473492631;2.6845921901256142
253.999776648;254;0.00022335200000611621;0.0001422554726149484;2.6795079026353585
254.99960182499998;255;0.00039817500001504413;0.00016784742535495798;2.676648284896422
255.999167691;256;0.0008323090000033062;0.0002342935828197928;2.679670823449355
257.000083319;257;-8.331899999802772e-05;0.00020253232453801076;2.6795065851264286
258.00003771300004;258;-3.771300004018485e-05;0.00017850779208019118;2.676948361299219
258.999600948;259;0.0003990519999774733;0.00020056221286991939;2.6761755939437237
260.00024791000004;260;-0.00024791000004142916;0.00015571499157878452;2.6712184503754215
260.999475824;261;0.0005241759999989881;0.0001925610924208049;2.669373189309732
261.99996199500004;262;3.800499996486906e-05;0.0001771054831752113;2.6659915038682778
262.999262996;263;0.0007370039999727851;0.0002330953348549687;2.667294560671819
263.999894756;264;0.00010524399999667367;0.00022031020136913923;2.667242832490238
265.000375372;265;-0.000375372000007701;0.00016074198123145522;2.661894735423291
265.999551542;266;0.0004484579999939342;0.00018951358310770311;2.6588723583438036
267.000085658;267;-8.565799998905277e-05;0.00016199642479802754;2.6533869780750465
267.999574637;268;0.00042536299997664173;0.00018833308231588897;2.649994713841295
268.999900603;269;9.939699998540164e-05;0.00017943947408284025;2.6457238477535507
269.999717009;270;0.0002829910000059499;0.00018979462667515122;2.642179415506341
270.999480209;271;0.0005197909999878902;0.00022279426400642513;2.6411839703034956
271.9990566;272;0.0009433999999828302;0.00029485483760406564;2.645819594332014
273.000129217;273;-0.00012921699999424163;0.00025244765384423493;2.6467400898706837
273.99992399;274;7.600999998658153e-05;0.0002348038884584696;2.646024910839956
274.999651524;275;0.0003484759999992093;0.0002461710996125436;2.6460147039224715
275.999332574;276;0.0006674260000067989;0.00028829658965196913;2.6491031549526793
277.00033064300004;277;-0.000330643000040709;0.00022640263068270135;2.6470960350135995
278.000095305;278;-9.53050000020994e-05;0.00019423186761422128;2.642438541354074
278.999663218;279;0.00033678199997666525;0.00020848688085046567;2.6387724996747113
279.99945039;280;0.0005496100000073056;0.0002425991927661497;2.6375846227064277
280.999230838;281;0.0007691619999832255;0.0002952554734878573;2.6402092571741065
282.000202888;282;-0.00020288799998979812;0.00024544112614009175;2.6388345907416406
282.999772263;283;0.00022773699998879238;0.00024367071352496183;2.6371597892041296
283.99968719000003;284;0.0003128099999685219;0.00025058464216931787;2.635837173232115
284.99937847300004;285;0.0006215269999643169;0.0002876788779488178;2.6370787727424383
286.00034935400004;286;-0.0003493540000363282;0.00022397559015030317;2.633444971490982
286.999935976;287;6.402399998250985e-05;0.00020798043113352384;2.6285344448557444
287.99982927;288;0.00017072999997935767;0.00020425538801810723;2.6232675209695686
288.999573175;289;0.0004268249999768159;0.0002265123492139781;2.619514835651258
289.999213005;290;0.0007869949999985693;0.00028256061429243724;2.6196380321594273
291.000268666;291;-0.00026866600001085317;0.00022743795286210818;2.6156812168751684
291.999978659;292;2.1340999978747277e-05;0.0002068282575737721;2.6101764217367496
292.99965357;293;0.0003464299999791365;0.00022078843181430854;2.605574213505901
293.999294862;294;0.0007051380000007157;0.00026922338863294925;2.6042358510703822
295.00026165;295;-0.0002616500000272026;0.00021613604976693406;2.599097598351519
296.000141788;296;-0.00014178800000763658;0.00018034364478947698;2.591442588160485
296.999676666;297;0.0003233339999724194;0.00019464268030777124;2.5847349751980113
297.99947407;298;0.0005259299999806899;0.0002277714122750631;2.5802183452302407
298.999183478;299;0.0008165219999796136;0.0002866464710455182;2.579557340471701
300.000090043;300;-9.004300000015064e-05;0.0002489775239409513;2.5762349765457357
301.000020757;301;-2.075700001569203e-05;0.00022200407154528696;2.5710279742529045
301.99964977;302;0.0003502299999809111;0.00023482666438884937;2.5665960056701196
302.9994691;303;0.000530900000001111;0.00026443399795007556;2.5640126399238046
303.999010409;304;0.0009895910000068397;0.000336949698155752;2.566006641466466
305.000025142;305;-2.51420000267899e-05;0.0003007405283374978;2.5654687288536677
305.999768755;306;0.00023124500000903936;0.00029379097550465193;2.5643336192915327
306.99957259;307;0.00042740999998613916;0.00030715287795280067;2.563905738503798
307.999223237;308;0.0007767629999761994;0.00035411389015514055;2.5662851548192207
309.00060691;309;-0.0006069099999876926;0.00025801150114085727;2.5624381030606096
310.000023096;310;-2.3096000006717077e-05;0.00022990075102609982;2.556756209590285
310.999785126;311;0.0002148739999938698;0.00022839807592287684;2.550932261656229
311.999511198;312;0.0004888020000066717;0.0002544384683312563;2.5466628476522306
312.99910746800003;313;0.0008925319999661951;0.0003182478214947502;2.5462148370023803
314.000023973;314;-2.3972999997567968e-05;0.0002840257393455184;2.5435447693247526
314.999790388;315;0.00020961199999192104;0.0002765843654101587;2.540323412552597
315.999409461;316;0.000590538999972523;0.0003079798288663951;2.538891237070564
316.999225868;317;0.0007741320000036467;0.0003545950459801203;2.5401094611407524
318.00020756600003;318;-0.00020756600002869163;0.0002983789413792391;2.537829424610002
318.999962288;319;3.7711999993916834e-05;0.0002723122472407069;2.5339107377903747
319.99916973800003;320;0.0008302619999653871;0.0003281072225131749;2.5331762457680638
320.999755014;321;0.0002449859999842374;0.00031979510026028114;2.5318257543885223
321.99915132;322;0.0008486799999900541;0.00037268359023325844;2.5334053868686226
322.999490734;323;0.0005092659999945681;0.0003863418312093894;2.5355936312440863
324.00003245100004;324;-3.245100003823609e-05;0.00034446254808462686;2.53521075687753
324.999444251;325;0.0005557490000001053;0.0003655911932761747;2.5358879497512006
326.000040344;326;-4.0344000012737524e-05;0.0003249976739472835;2.534125160323043
326.999350407;327;0.0006495929999914551;0.0003574572065517007;2.5340686794129637
328.000000293;328;-2.930000277956424e-07;0.0003216821858937511;2.53188310583597
328.99908788100004;329;0.0009121189999632406;0.0003807258673007;2.532860346986511
330.000163714;330;-0.00016371399999570713;0.00032628188057105925;2.5306900308233997
330.99975823;331;0.00024177000000236148;0.0003178306925141895;2.5279592781321423
331.99940332200003;332;0.0005966779999653227;0.00034571542325930284;2.5266537764390598
332.99923727000004;333;0.0007627299999626302;0.0003874168809296356;2.5274850104550204
334.000071917;334;-7.19170000138547e-05;0.00034148349283528664;2.525702608957742
334.999936853;335;6.314699999165896e-05;0.0003136498435509239;2.522333651825939
335.99968339000003;336;0.0003166099999702965;0.00031394585919286116;2.5189065669206196
336.999291938;337;0.000708062000001064;0.0003533574732736815;2.517483521370894
337.99907443300003;338;0.0009255669999674865;0.000410578425943062;2.5189501215799166
339.000130386;339;-0.00013038600002346357;0.00035648198334640947;2.517443588491836
339.999693622;340;0.00030637800000477;0.0003514715850122456;2.515573972455428
340.999537509;341;0.0004624910000075033;0.0003625735265117714;2.51417883693112
341.99913641;342;0.0008635899999944741;0.0004126751738600417;2.515242105460534
343.000117816;343;-0.00011781599999949322;0.0003596260564740882;2.5134612503505287
343.99993042200003;344;6.957799996598624e-05;0.000330621250823278;2.5101178547053387
344.999710578;345;0.0002894219999802772;0.00032650132573897793;2.506499048358754
345.99944045;346;0.0005595499999913045;0.0003498061931642106;2.5039820562799853
346.999148981;347;0.0008510189999810791;0.0003999274738458975;2.503874334429465
348.00004531400003;348;-4.5314000033158663e-05;0.0003554033264579919;2.5014450472878527
348.999923113;349;7.688699997743242e-05;0.00032755169380993597;2.497566355324554
349.999485471;350;0.0005145289999859415;0.00034624942442753654;2.4945450574238412
350.99913524100003;351;0.0008647589999668526;0.0003981003819814682;2.4939720327259947
351.999126763;352;0.0008732370000075207;0.0004456140437840734;2.495582604542388
353.000003801;353;-3.8009999911992054e-06;0.0004006725394065462;2.494888175506019
353.99973221100004;354;0.00026778899996315886;0.0003873841854622075;2.4934519246822386
354.99928463000003;355;0.0007153699999662422;0.00042018276691261095;2.4934786318302513
355.99919663400004;356;0.0008033659999568954;0.0004585010902170394;2.495196189198569
357.00020756600003;357;-0.00020756600002869163;0.0003918943811924663;2.4936408450170613
357.999848273;358;0.00015172700000221084;0.00036787764307344076;2.490873836387513
358.999493657;359;0.0005063429999836444;0.00038172417876446114;2.4886800529830624
359.99922908400004;360;0.0007709159999649273;0.0004206433608845078;2.4882045894731157
360.998908965;361;0.0010910350000017388;0.0004876825247962309;2.490700745103409
361.999927206;362;7.27940000047056e-05;0.0004461936723170784;2.4911475383352206
362.99964977;363;0.0003502299999809111;0.0004365973050834617;2.4910381326913495
363.999467638;364;0.0005323620000012852;0.000446173774575244;2.491250522069791
364.999046368;365;0.0009536320000052001;0.0004969195971182397;2.493626768620587
366.00021282800003;366;-0.0002128280000306404;0.0004259448374033517;2.4926823949777592
366.999947086;367;5.291399997986446e-05;0.00038864175366100297;2.489985432512434
367.999649185;368;0.00035081499999023436;0.0003848590782939261;2.487055081416711
368.99940683;369;0.0005931700000019191;0.00040569017046472545;2.4849783063101225
369.998977082;370;0.0010229179999896587;0.0004674129534172188;2.4855243298675123
370.999994153;371;5.84700001127203e-06;0.00042125635807662413;2.483946762560178
371.999762323;372;0.00023767699997279124;0.00040289842226624086;2.4814932956546554
372.999416478;373;0.0005835219999994479;0.00042096078003956154;2.4797492612259298
373.99915921300004;374;0.0008407869999587092;0.0004629434020314763;2.4797230492249547
375.000178039;375;-0.00017803899999080386;0.0003988451618292483;2.476864025830971
375.999863767;376;0.00013623299997789218;0.0003725839456441127;2.4728340066747165
376.999563528;377;0.0004364719999898625;0.0003789727510786877;2.4690327005388975
377.999134949;378;0.0008650510000052236;0.00042758057597134125;2.4672238201193024
378.999110099;379;0.0008899009999936425;0.0004738126183735714;2.467266709264516
379.999609426;380;0.0003905739999936486;0.00046548875653557915;2.466861664624167
381.00009939800003;381;-9.939800003166965e-05;0.0004090000808788543;2.464032447007431
381.999319711;382;0.0006802890000017214;0.000436128972791141;2.4622590311322607
382.999939777;383;6.0222999991310644e-05;0.000398538375511158;2.4588791672430825
383.99922002100004;384;0.0007799789999580753;0.0004366824379558498;2.4570001870292075
384.999683097;385;0.00031690299999809213;0.000424704494160074;2.4545674872867003
385.998981759;386;0.0010182409999970332;0.0004840581447437699;2.454457861861753
386.99957668300004;387;0.0004233169999565689;0.0004779840302650498;2.4540090792422204
388.000174531;388;-0.0001745310000274003;0.0004127325272358048;2.4508756286760867
388.99945039;389;0.0005496100000073056;0.00042642027451295485;2.448234752427386
389.999111269;390;0.0008887309999749959;0.00047265134705915896;2.447357051114511
391.00000701600004;391;-7.016000040493964e-06;0.00042468461234919364;2.444519135643099
391.99978249500003;392;0.00021750499996642247;0.00040396665111091655;2.4408223518084546
392.99976144600004;393;0.00023855399996364213;0.0003874253859961891;2.436446180599181
393.999427879;394;0.0005721210000046995;0.0004058949473970401;2.432754478302571
394.999069463;395;0.0009305369999879076;0.00045835915265612687;2.4310377289601326
395.999927791;396;7.220899999538233e-05;0.0004197441373900524;2.427780242392372
396.999721395;397;0.00027860500000542743;0.0004056302236515899;2.4239436186537127
397.999430803;398;0.0005691970000043511;0.00042198690128686606;2.4206909957791343
398.999116531;399;0.0008834689999730472;0.0004681351111554842;2.4191309657235833
399.999087296;400;0.0009127039999725639;0.0005125920000371921;2.4191667072628795
400.999750629;401;0.0002493709999953353;0.00048626990003300646;2.4181320923325984
401.999552419;402;0.0004475810000030833;0.0004824010100300141;2.416880016911451
402.999216805;403;0.0007831949999967946;0.0005124804090266922;2.4166659514169635
403.99912851700003;404;0.0008714829999689755;0.0005483806681209206;2.4176829125204184
404.999881892;405;0.00011810799998102084;0.0005053534013069306;2.41702653976972
405.99970093;406;0.0002990699999827484;0.0004847250611745124;2.415543047079869
406.99947991700003;407;0.0005200829999694179;0.000488260855054003;2.4141218151812653
407.999234931;408;0.0007650690000104987;0.0005159416695496525;2.413629887139798
408.998868329;409;0.001131670999996004;0.0005775146025942877;2.4152619097284305
409.999775479;410;0.00022452100000691644;0.0005422152423355506;2.4155272151567444
410.99955943500004;411;0.00044056499996258935;0.0005320502180982545;2.4153429122232413
411.999390167;412;0.0006098329999986163;0.0005398284962882906;2.415350401780039
412.99908408;413;0.0009159200000112833;0.00057743764666059;2.416592809761019
414.000055546;414;-5.554599999868515e-05;0.0005141392819946625;2.415522293219171
414.999587792;415;0.00041220800000019153;0.0005039461537952154;2.4140290139421965
415.99950155;416;0.000498450000009143;0.0005033965384166082;2.4124546709270387
416.999222652;417;0.0007773479999855226;0.0005307916845734996;2.411762857926288
417.99896100300003;418;0.0010389969999664572;0.0005816122161127954;2.4127393337747005
418.999878384;419;0.00012161600000126782;0.0005356125945016427;2.4120512059146555
419.99954306300003;420;0.0004569369999671835;0.0005277450350481968;2.4110240732456814
420.99925305600004;421;0.000746943999956784;0.0005496649315390556;2.410670389093414
421.99915775200003;422;0.0008422479999694588;0.0005789232383820959;2.4112241298054062
423.000089458;423;-8.945799999082737e-05;0.0005120851145448037;2.4094533164277845
423.999828101;424;0.0001718990000085796;0.00047806650309118126;2.4064945409806358
424.99947787;425;0.0005221299999789153;0.0004824728527799547;2.403643648584446
425.999260073;426;0.0007399269999837088;0.0005082182675003301;2.4016026662258634
426.998957495;427;0.0010425049999867042;0.0005616469407489675;2.4012655078195593
427.999813483;428;0.00018651699997462856;0.0005241339466715336;2.3996286777945715
428.999574929;429;0.0004250709999951141;0.0005142276520038917;2.397614395603691
429.999433726;430;0.0005662739999934274;0.0005194322868028453;2.3957189781259176
430.99917997;431;0.0008200299999998606;0.0005494920581225469;2.3947413161176487
431.999849442;432;0.0001505579999729889;0.0005095986523075911;2.3924206771583845
432.999748875;433;0.0002511249999770371;0.0004837512870745357;2.389230408314525
433.99947085400004;434;0.0005291459999625658;0.0004882907583633387;2.3861524047084184
434.999127348;435;0.0008726519999981974;0.0005267268825268246;2.384257154232723
435.99891685800003;436;0.001083141999970394;0.0005823683942711814;2.3840649953927118
437.00002426500004;437;-2.426500003593901e-05;0.0005217050548404694;2.3818990234740856
437.999586038;438;0.0004139619999818933;0.0005109307493546118;2.379352094522592
438.999177046;439;0.0008229540000002089;0.0005421330744191715;2.3777351619869673
439.99980880600003;440;0.00019119399996725406;0.0005070391669739798;2.374981444947479
440.999177339;441;0.0008226609999724133;0.0005386013502738232;2.3731635060704557
441.99972227200004;442;0.0002777279999577331;0.0005125140152422141;2.370497983482998
442.998995207;443;0.0010047929999927874;0.0005617419137172715;2.36929782559338
443.999590424;444;0.00040957599998137084;0.0005465253223436814;2.367579726937587
444.99878530300003;445;0.001214696999966236;0.000613342490105937;2.367833145363192
445.999468223;446;0.0005317769999919619;0.0006051859410945395;2.367766379249029
446.99988452400004;447;0.00011547599996220015;0.0005562149469813055;2.3661622749350943
447.999091097;448;0.0009089029999813647;0.0005914837522813115;2.365561047249668
448.99972548700003;449;0.0002745129999652818;0.0005597866770497087;2.3639562569657375
449.999442789;450;0.0005572110000002795;0.0005595291093447657;2.3622952880293577
450.999144304;451;0.0008556959999737046;0.0005891457984076596;2.3614585240835946
451.998867452;452;0.0011325479999868548;0.0006434860185655791;2.362155981202158
452.999903526;453;9.647399997447792e-05;0.000588784816706469;2.3611793942963226
453.999614396;454;0.0003856039999732275;0.0005684667350331449;2.359556937766782
454.99916593700004;455;0.0008340629999565863;0.000595026361525489;2.3586556455968153
455.998940246;456;0.0010597539999821493;0.0006414991253711551;2.3590363058957937
456.99877711700003;457;0.0012228829999685331;0.0006996375128308929;2.3610109805876855
457.999566451;458;0.0004335489999789388;0.0006730286615456976;2.3621330136388536
458.999330236;459;0.0006697640000083993;0.0006727021953919678;2.3631640555466746
459.99923054600004;460;0.0007694539999647532;0.0006823773758492463;2.3643885993320075
460.998942877;461;0.0010571230000095966;0.0007198519382652813;2.3665863952121784
461.999757938;462;0.0002420619999838891;0.0006720729444371421;2.3673491508281344
462.999528446;463;0.0004715540000006513;0.000652021049993493;2.367475934464673
463.999252472;464;0.0007475279999766826;0.000661571744991812;2.367800859911644
464.99903321200003;465;0.0009667879999710749;0.0006920933704897382;2.3689011859965237
465.99880489000003;466;0.0011951099999691905;0.0007423950334376835;2.3713089611790013
466.999636907;467;0.00036309299997583366;0.0007044648300914986;2.3725794898697536
467.99936268600004;468;0.0006373139999595878;0.0006977497470783075;2.373585395933407
468.999252764;469;0.000747235999995155;0.0007026983723699923;2.3746485861710314
469.99881892300004;470;0.0011810769999556214;0.0007505362351285553;2.3769305199828703
470.99994854700003;471;5.14529999691149e-05;0.0006806279116126112;2.3772325228480393
471.99960679500003;472;0.0003932049999662013;0.0006518856204479702;2.376694384929984
472.999272351;473;0.0007276489999981095;0.0006594619584029841;2.37630221747711
473.999006316;474;0.0009936839999795666;0.0006928841625606424;2.3767423504766376
474.99866164;475;0.0013383599999770013;0.0007574317463022783;2.37882679094315
475.999752968;476;0.00024703200000431025;0.0007063917716724815;2.379473374864339
476.999430803;477;0.0005691970000043511;0.0006926722945056684;2.379688232358834
477.998978543;478;0.0010214569999789092;0.0007255507650529925;2.380699660040277
478.99900690100003;479;0.0009930989999702433;0.0007523055885447175;2.382334538292549
479.999846519;480;0.00015348099998391262;0.0006924231296886371;2.38233090393345
480.999591593;481;0.0004084070000089923;0.0006640215167206726;2.381530648640223
481.999393675;482;0.0006063249999783693;0.0006582518650464422;2.3805302494322884
482.998884993;483;0.0011150070000098822;0.0007039273785427862;2.380653470445721
483.998878561;484;0.001121438999973634;0.000745678540685871;2.3817814890465314
484.999541309;485;0.0004586910000057287;0.0007169797866178568;2.3821044151886777
485.999445712;486;0.0005542879999893557;0.0007007106079550067;2.3819505564291474
486.999290769;487;0.0007092309999734425;0.0007015626471568502;2.3817599697961063
487.998849327;488;0.0011506729999837262;0.0007464736824395379;2.3826410712154633
488.999771386;489;0.00022861399997964327;0.0006946877141935485;2.3821549287780712
489.999614104;490;0.0003858960000115985;0.0006638085427753535;2.3808452275477103
490.999466176;491;0.0005338240000014594;0.0006508100884979641;2.379169493647392
491.998881485;492;0.0011185149999732857;0.0006975805796454963;2.3786122400559564
492.998663979;493;0.0013360209999859762;0.0007614246216795443;2.379576041301363
493.99965795500003;494;0.0003420449999680386;0.0007194866595083938;2.379440711879948
494.999301586;495;0.0006984139999985928;0.0007173793935574137;2.3791973910419406
495.999222652;496;0.0007773479999855226;0.0007233762542002246;2.3790450590116348
496.99895427900003;497;0.0010457209999685801;0.0007556107287770603;2.3796183254450956
497.999756768;498;0.00024323200000253564;0.0007043728558996079;2.3788900860597963
498.999507982;499;0.0004920179999885477;0.0006831373703085019;2.3776027003893283
499.99888967000004;500;0.0011103299999604133;0.000725856633273693;2.377297008098248
500.999469977;501;0.0005300230000102601;0.0007062732699473497;2.3764710187492137
501.998648485;502;0.001351515000010295;0.0007707974429536443;2.3771316533730285
502.99929515400004;503;0.0007048459999623446;0.0007642022986545143;2.377572052228176
503.999767878;504;0.00023212199999989025;0.0007109942687890518;2.376696834568961
504.999065078;505;0.0009349219999990055;0.0007333870419100472;2.3763020064632188
505.999475532;506;0.0005244679999805157;0.0007124951377170941;2.3753676200527836
506.998841141;507;0.0011588589999860233;0.000757131523943987;2.3754287946793418
507.999447174;508;0.0005528259999891816;0.0007367009715485065;2.374960016323527
508.998742913;509;0.0012570869999990464;0.0007887395743935606;2.3756446767098884
509.99976933900007;510;0.00023066099993229727;0.0007329317169474343;2.3749817011363916
510.99947670100005;511;0.0005232989999512938;0.0007119684452478203;2.373791279027167
511.99904402900006;512;0.0009559709999393817;0.0007363687007169765;2.3731179420246242
512.998947262;513;0.0010527379999984987;0.0007680056306451288;2.373118344634803
513.999795066;514;0.00020493399995302752;0.0007116984675759186;2.3717886253324982
514.999448636;515;0.0005513639999890074;0.0006956650208172275;2.3700587950599568
515.999291061;516;0.0007089389999919149;0.0006969924187346963;2.3683255600724404
516.999104545;517;0.0008954549999771189;0.0007168386768589386;2.3670039546069828
517.9988262310001;518;0.0011737689999335998;0.0007625317091664047;2.366664562868972
518.999629306;519;0.0003706940000256509;0.0007233479382523294;2.3654052792326383
519.9994012760001;520;0.0005987239999285521;0.0007108855444199517;2.3638320944140783
520.998987606;521;0.0010123939999857612;0.0007410363899765327;2.3628900168221154
521.998799043;522;0.001200957000037306;0.00078702845098261;2.3629175991951503
522.999710578;523;0.0002894220000371206;0.0007372678058880611;2.3618036392125346
523.999560312;524;0.0004396880000285819;0.0007075098253021132;2.3600018512570515
524.99925978;525;0.0007402200000115045;0.0007107808427730522;2.358240388320614
525.999015087;526;0.0009849130000247897;0.000738194058498226;2.3570412683478135
526.9987481750001;527;0.0012518249999402542;0.0007895571526424288;2.356912475683311
527.999708531;528;0.0002914689999897746;0.0007397483373771635;2.3556644967998417
528.999389874;529;0.0006101259999695685;0.000726786103636404;2.354102828384995
529.9990411050001;530;0.00095889499993973;0.0007499969932667367;2.3530034531164903
530.9988923010001;531;0.0011076989999310172;0.0007857671939331648;2.3526262281572525
531.999688067;532;0.0003119330000345144;0.0007383837745432998;2.3512007897595044
532.999589546;533;0.00041045399996164633;0.0007055907970851345;2.349050480122689
533.999333159;534;0.0006668409999974756;0.0007017158173763686;2.3467935395750223
534.998894933;535;0.0011050670000258833;0.0007420509356413201;2.345356687797757
535.998711632;536;0.001288368000018636;0.0007966826420790518;2.345025805426002
536.999732504;537;0.00026749599999220663;0.0007437639778703672;2.3435508340912516
537.999400106;538;0.0005998939999471986;0.0007293769800780503;2.341746097360347
538.999030581;539;0.0009694189999436276;0.0007533811820646081;2.3404079535872584
539.998925921;540;0.001074078999977246;0.0007854509638558719;2.3396952142184495
540.998545579;541;0.0014544209999485247;0.0008523479674651371;2.340311361232931
541.999488979;542;0.0005110209999656945;0.0008182152707151928;2.340177093953611
542.999183186;543;0.0008168140000179847;0.0008180751436454721;2.3399939394876563
543.998956618;544;0.0010433820000343985;0.0008406058292843647;2.3402214173491114
544.998645854;545;0.001354146000039691;0.0008919598463598973;2.341434695819845
545.999667895;546;0.00033210499998403975;0.0008359743617223116;2.341462877464564
546.999380227;547;0.0006197730000394586;0.0008143542255540263;2.3410111410275545
547.999109514;548;0.0008904860000029657;0.0008219674029989203;2.340669490606244
548.998832663;549;0.001167336999969848;0.0008565043626960131;2.340971341714661
549.998685905;550;0.0013140949999979057;0.0009022634264262023;2.3421295413682026
550.999538678;551;0.0004613219999782814;0.0008581692837814103;2.342359088187552
551.999249548;552;0.0007504520000338744;0.0008473975554066567;2.3423283956538916
552.999028242;553;0.000971757999991496;0.0008598335998651407;2.342495727611775
553.998709;554;0.0012910000000374566;0.0009029502398823722;2.3434569395045632
554.999662925;555;0.00033707499994761747;0.0008463627158888968;2.3432619039999043
555.999399522;556;0.0006004780000239407;0.0008217742443024013;2.342547198349715
556.9991492730001;557;0.0008507269999427081;0.000824669519866432;2.341850846116007
557.998854004;558;0.0011459959999911007;0.000856802167878899;2.341735012695648
558.998595863;559;0.0014041370000086317;0.0009115356510918722;2.3426246165137647
559.999107176;560;0.0008928239999477228;0.0009096644859774574;2.343424224159723
560.999660587;561;0.00033941300000606134;0.0008526393373803179;2.343085463945964
561.998882654;562;0.0011173460000009072;0.0008791100036423768;2.3432078744656475
562.999500966;563;0.0004990339999721982;0.0008411024032753589;2.3425664970884728
563.998730342;564;0.001269657999955598;0.0008839579629433829;2.3426947680233843
564.999171784;565;0.0008282159999453143;0.000878383766643576;2.342673122848529
565.998577152;566;0.0014228479999474075;0.0009328301899739593;2.343625871364752
566.99902795;567;0.0009720499999730237;0.0009367521709738657;2.344597960526292
567.999501843;568;0.0004981570000381907;0.0008928926538802982;2.3447020241778573
568.998981759;569;0.0010182409999970332;0.0009054274884919717;2.344993531218429
569.998936738;570;0.0010632620000023962;0.0009212109396430142;2.3455297191755142
570.999574637;571;0.00042536299997664173;0.000871626145676377;2.345106280672328
571.999248086;572;0.0007519140000340485;0.0008596549311121443;2.3444252032278365
572.9989955;573;0.0010045000000218351;0.0008741394380031134;2.343972710085652
573.998700815;574;0.0012991849999934857;0.0009166439942021507;2.3442550258568184
574.9985093280001;575;0.001490671999931692;0.0009740467947751048;2.345531851600878
575.9995185060001;576;0.0004814939999278067;0.000924791515290375;2.345863824275522
576.999295154;577;0.0007048459999623446;0.000902796963757572;2.3457544640497487
577.998881192;578;0.0011188080000010814;0.000924398067381923;2.3459914734743594
578.9985964470001;579;0.0014035529999318896;0.0009723135606369197;2.3470402247972064
579.999654447;580;0.0003455529999882856;0.0009096375045720564;2.3469203690189144
580.999297201;581;0.0007027990000096906;0.0008889536541158198;2.3463931019652415
581.999151612;582;0.0008483880000085264;0.0008848970887050905;2.3457580335290045
582.99877127;583;0.0012287299999798051;0.0009192803798325621;2.345694080264042
583.9984643070001;584;0.001535692999937055;0.0009809216418430113;2.3466721640436794
584.999361517;585;0.0006384829999888098;0.0009466777776575913;2.346999792024627
585.999203357;586;0.0007966429999441971;0.0009316742998862519;2.347021441901765
586.998877392;587;0.0011226079999460126;0.000950767669892228;2.3473339942071227
587.998654332;588;0.0013456679999990229;0.0009902577029029073;2.3482868530759475
588.999625505;589;0.0003744949999600067;0.0009286814326086173;2.3481262958035978
589.999349238;590;0.0006507619999638337;0.000900889489344139;2.347448747358472
590.9990770640001;591;0.0009229359999380904;0.0009030941404035342;2.3467756170564145
591.998815414;592;0.0011845860000221364;0.0009312433263653943;2.346550294221307
592.998531547;593;0.0014684530000295126;0.0009849642937318063;2.347202354226779
593.999338129;594;0.0006618710000338979;0.0009526549643620155;2.347259471432335
594.999203357;595;0.0007966429999441971;0.0009370537679202337;2.3470123398217724
595.9988276930001;596;0.0011723069999334257;0.0009605790911215528;2.3471248299297485
596.998513129;597;0.0014868709999973362;0.0010132082820091311;2.348081268551875
597.999681635;598;0.0003183649999982663;0.0009437239538080446;2.3478248790317315
598.999381396;599;0.0006186040000102366;0.0009112119584282638;2.3469890922159813
599.998983221;600;0.001016778999996859;0.0009217686625851234;2.3462982533112116
600.998665149;601;0.0013348510000241731;0.0009630768963290284;2.346260433504769